ID,MONTHS_BALANCE,STATUS
5987231,0,C
5987231,-1,0
5987231,-2,C
5987231,-3,C
5987231,-4,C
5987231,-5,0
5987231,-6,0
5079954,0,1
5079954,-1,0
5079954,-2,C
5079954,-3,1
5079954,-4,0
5079954,-5,C
5079954,-6,C
5079954,-7,0
5567130,0,X
5567130,-1,0
5567130,-2,0
5567130,-3,C
5567130,-4,C
5500891,0,C
5500891,-1,X
5500891,-2,0
5500891,-3,0
5500891,-4,0
5500891,-5,C
5500891,-6,C
5500891,-7,C
5500891,-8,C
5500891,-9,C
5500891,-10,0
5500891,-11,C
5500891,-12,C
5500891,-13,1
5055399,0,C
5055399,-1,C
5055399,-2,0
5055399,-3,C
5055399,-4,C
5055399,-5,1
5055399,-6,0
5055399,-7,C
5055399,-8,X
5055399,-9,0
5055399,-10,0
5055399,-11,0
5055399,-12,0
5055399,-13,0
5055399,-14,C
5055399,-15,0
5055399,-16,C
5055399,-17,C
5055399,-18,0
5055399,-19,0
5055399,-20,C
5055399,-21,1
5135049,0,0
5135049,-1,5
5135049,-2,C
5135049,-3,C
5135049,-4,0
5135049,-5,0
5135049,-6,C
5135049,-7,0
5135049,-8,0
5135049,-9,C
5135049,-10,C
5135049,-11,0
5733378,0,0
5733378,-1,C
5733378,-2,0
5733378,-3,1
5733378,-4,0
5733378,-5,X
5733378,-6,X
5733378,-7,0
5733378,-8,C
5733378,-9,X
5733378,-10,1
5733378,-11,C
5733378,-12,C
5733378,-13,C
5732057,0,X
5732057,-1,0
5732057,-2,1
5732057,-3,C
5732057,-4,3
5732057,-5,C
5732057,-6,X
5732057,-7,X
5732057,-8,C
5732057,-9,1
5732057,-10,C
5732057,-11,X
5732057,-12,3
5732057,-13,0
5051333,0,0
5051333,-1,0
5051333,-2,0
5051333,-3,0
5051333,-4,C
5051333,-5,0
5051333,-6,C
5051333,-7,0
5051333,-8,C
5051333,-9,C
5051333,-10,C
5051333,-11,C
5051333,-12,C
5051333,-13,C
5051333,-14,0
5051333,-15,0
5051333,-16,0
5051333,-17,C
5051333,-18,0
5051333,-19,C
5731479,0,1
5731479,-1,0
5399758,0,0
5399758,-1,0
5399758,-2,0
5399758,-3,C
5399758,-4,C
5399758,-5,0
5399758,-6,0
5399758,-7,C
5399758,-8,C
5399758,-9,C
5399758,-10,1
5399758,-11,C
5399758,-12,1
5399758,-13,1
5399758,-14,C
5399758,-15,C
5399758,-16,C
5399758,-17,C
5399758,-18,0
5399758,-19,C
5401397,0,X
5401397,-1,0
5401397,-2,X
5401397,-3,X
5401397,-4,0
5401397,-5,0
5855485,0,5
5855485,-1,C
5855485,-2,X
5855485,-3,0
5855485,-4,C
5855485,-5,1
5855485,-6,C
5855485,-7,0
5855485,-8,C
5855485,-9,5
5855485,-10,C
5855485,-11,C
5855485,-12,X
5855485,-13,1
5855485,-14,0
5855485,-15,0
5855485,-16,C
5855485,-17,0
5855485,-18,C
5855485,-19,1
5855485,-20,0
5858884,0,1
5858884,-1,C
5858884,-2,C
5858884,-3,C
5858884,-4,C
5858884,-5,C
5858884,-6,0
5858884,-7,0
5858884,-8,0
5503247,0,C
5503247,-1,C
5503247,-2,0
5503247,-3,C
5864741,0,C
5864741,-1,0
5864741,-2,0
5035032,0,1
5035032,-1,C
5035032,-2,C
5035032,-3,0
5035032,-4,0
5035032,-5,3
5035032,-6,0
5035032,-7,3
5035032,-8,0
5035032,-9,0
5035032,-10,X
5035032,-11,0
5035032,-12,0
5035032,-13,C
5035032,-14,C
5035032,-15,0
5035032,-16,0
5995703,0,0
5995703,-1,0
5995703,-2,0
5995703,-3,0
5995703,-4,0
5995703,-5,0
5995703,-6,0
5995703,-7,0
5995703,-8,0
5995703,-9,C
5995703,-10,0
5995703,-11,0
5995703,-12,0
5995703,-13,0
5995703,-14,C
5995703,-15,0
5995703,-16,0
5995703,-17,1
5995703,-18,0
5995703,-19,0
5995703,-20,0
5995703,-21,X
5995703,-22,C
5995703,-23,0
5376761,0,1
5376761,-1,C
5811353,0,0
5577745,0,0
5577745,-1,C
5577745,-2,C
5577745,-3,C
5577745,-4,C
5577745,-5,0
5577745,-6,C
5577745,-7,C
5577745,-8,0
5577745,-9,X
5577745,-10,0
5577745,-11,C
5577745,-12,0
5659806,0,0
5659806,-1,C
5659806,-2,X
5659806,-3,0
5659806,-4,C
5659806,-5,C
5659806,-6,C
5219339,0,0
5219339,-1,C
5219339,-2,1
5219339,-3,0
5219339,-4,0
5219339,-5,1
5219339,-6,0
5219339,-7,0
5219339,-8,0
5219339,-9,0
5219339,-10,0
5979755,0,X
5979755,-1,C
5979755,-2,0
5979755,-3,0
5979755,-4,X
5979755,-5,X
5979755,-6,C
5979755,-7,0
5625691,0,0
5625691,-1,0
5625691,-2,3
5625691,-3,0
5625691,-4,C
5625691,-5,0
5625691,-6,C
5625691,-7,1
5625691,-8,0
5625691,-9,0
5625691,-10,X
5625691,-11,0
5625691,-12,X
5625691,-13,0
5625691,-14,0
5625691,-15,C
5625691,-16,0
5625691,-17,0
5625691,-18,0
5625691,-19,0
5625691,-20,0
5625691,-21,C
5215339,0,X
5215339,-1,0
5215339,-2,C
5215339,-3,C
5215339,-4,0
5215339,-5,0
5215339,-6,C
5443417,0,X
5980328,0,C
5980328,-1,0
5980328,-2,C
5980328,-3,0
5980328,-4,3
5980328,-5,C
5980328,-6,0
5980328,-7,C
5336983,0,C
5336983,-1,C
5336983,-2,0
5336983,-3,C
5336983,-4,0
5336983,-5,0
5336983,-6,0
5336983,-7,0
5336983,-8,X
5336983,-9,0
5336983,-10,0
5336983,-11,0
5336983,-12,0
5336983,-13,C
5336983,-14,1
5336983,-15,3
5336983,-16,C
5336983,-17,X
5336983,-18,0
5336983,-19,C
5336983,-20,C
5518812,0,X
5518812,-1,C
5518812,-2,0
5518812,-3,1
5518812,-4,C
5518812,-5,C
5518812,-6,1
5518812,-7,X
5518812,-8,X
5518812,-9,0
5518812,-10,C
5943378,0,C
5943378,-1,X
5943378,-2,1
5943378,-3,C
5943378,-4,0
5943378,-5,C
5943378,-6,0
5943378,-7,0
5943378,-8,C
5943378,-9,0
5943378,-10,0
5943378,-11,C
5943378,-12,C
5943378,-13,C
5943378,-14,0
5002085,0,C
5002085,-1,X
5002085,-2,3
5002085,-3,0
5002085,-4,X
5002085,-5,0
5002085,-6,X
5002085,-7,C
5002085,-8,C
5002085,-9,C
5002085,-10,C
5002085,-11,C
5002085,-12,0
5002085,-13,C
5002085,-14,C
5002085,-15,C
5002085,-16,0
5663615,0,0
5663615,-1,C
5663615,-2,4
5663615,-3,0
5677814,0,C
5677814,-1,C
5677814,-2,X
5677814,-3,C
5677814,-4,0
5677814,-5,0
5677814,-6,C
5677814,-7,0
5677814,-8,0
5677814,-9,0
5677814,-10,0
5677814,-11,0
5677814,-12,1
5957737,0,4
5957737,-1,C
5957737,-2,1
5957737,-3,0
5957737,-4,1
5957737,-5,C
5957737,-6,0
5957737,-7,X
5957737,-8,1
5957737,-9,C
5957737,-10,C
5957737,-11,0
5957737,-12,0
5957737,-13,C
5957737,-14,0
5957737,-15,0
5957737,-16,1
5957737,-17,0
5957737,-18,0
5957737,-19,X
5957737,-20,X
5957737,-21,0
5957737,-22,C
5543082,0,C
5543082,-1,0
5543082,-2,0
5543082,-3,X
5543082,-4,0
5543082,-5,1
5543082,-6,C
5543082,-7,C
5543082,-8,X
5543082,-9,C
5543082,-10,0
5543082,-11,X
5543082,-12,0
5543082,-13,0
5543082,-14,C
5543082,-15,0
5543082,-16,0
5543082,-17,C
5543082,-18,C
5543082,-19,C
5543082,-20,0
5543082,-21,0
5543082,-22,C
5529927,0,0
5529927,-1,C
5529927,-2,0
5529927,-3,C
5529927,-4,C
5529927,-5,C
5529927,-6,C
5529927,-7,0
5529927,-8,X
5529927,-9,0
5529927,-10,C
5529927,-11,C
5529927,-12,X
5529927,-13,C
5529927,-14,0
5529927,-15,0
5529927,-16,1
5529927,-17,C
5529927,-18,0
5529927,-19,X
5529927,-20,X
5529927,-21,C
5529927,-22,X
5066336,0,C
5066336,-1,C
5066336,-2,0
5066336,-3,X
5066336,-4,C
5272966,0,0
5876375,0,0
5876375,-1,0
5876375,-2,0
5876375,-3,0
5876375,-4,C
5876375,-5,0
5876375,-6,5
5876375,-7,C
5876375,-8,C
5876375,-9,0
5876375,-10,1
5876375,-11,C
5876375,-12,X
5876375,-13,4
5876375,-14,C
5876375,-15,0
5876375,-16,0
5876375,-17,0
5876375,-18,1
5443181,0,C
5443181,-1,4
5443181,-2,C
5443181,-3,C
5443181,-4,X
5443181,-5,1
5443181,-6,C
5443181,-7,0
5443181,-8,0
5443181,-9,C
5443181,-10,0
5443181,-11,0
5443181,-12,X
5443181,-13,C
5443181,-14,C
5443181,-15,X
5443181,-16,4
5443181,-17,1
5443181,-18,0
5443181,-19,X
5443181,-20,0
5443181,-21,C
5443181,-22,C
5038747,0,C
5038747,-1,C
5038747,-2,C
5038747,-3,4
5038747,-4,0
5038747,-5,C
5038747,-6,C
5038747,-7,0
5038747,-8,C
5038747,-9,C
5038747,-10,0
5038747,-11,C
5038747,-12,C
5244518,0,0
5244518,-1,0
5244518,-2,0
5244518,-3,C
5244518,-4,C
5244518,-5,0
5244518,-6,C
5244518,-7,C
5244518,-8,0
5244518,-9,0
5244518,-10,C
5244518,-11,C
5244518,-12,0
5244518,-13,C
5244518,-14,0
5244518,-15,C
5244518,-16,C
5244518,-17,2
5244518,-18,X
5244518,-19,C
5244518,-20,C
5244518,-21,0
5321941,0,C
5321941,-1,C
5321941,-2,0
5321941,-3,C
5321941,-4,X
5321941,-5,C
5321941,-6,0
5321941,-7,X
5321941,-8,0
5321941,-9,0
5321941,-10,0
5321941,-11,0
5321941,-12,0
5321941,-13,C
5212423,0,C
5212423,-1,C
5212423,-2,0
5212423,-3,C
5212423,-4,4
5684487,0,C
5684487,-1,C
5684487,-2,0
5684487,-3,C
5684487,-4,C
5684487,-5,C
5684487,-6,0
5684487,-7,C
5684487,-8,3
5684487,-9,1
5684487,-10,X
5684487,-11,0
5684487,-12,0
5684487,-13,5
5460021,0,C
5460021,-1,C
5460021,-2,0
5460021,-3,0
5460021,-4,C
5460021,-5,0
5460021,-6,0
5460021,-7,0
5460021,-8,C
5460021,-9,C
5460021,-10,C
5460021,-11,X
5460021,-12,0
5460021,-13,0
5460021,-14,0
5460021,-15,C
5460021,-16,0
5460021,-17,0
5460021,-18,C
5460021,-19,C
5460021,-20,0
5460021,-21,C
5460021,-22,C
5330797,0,C
5330797,-1,C
5330797,-2,0
5330797,-3,C
5330797,-4,1
5330797,-5,C
5330797,-6,C
5330797,-7,0
5330797,-8,0
5330797,-9,3
5330797,-10,C
5820287,0,0
5820287,-1,0
5820287,-2,1
5820287,-3,X
5820287,-4,0
5820287,-5,0
5820287,-6,1
5820287,-7,C
5820287,-8,2
5820287,-9,0
5820287,-10,0
5820287,-11,C
5820287,-12,C
5820287,-13,0
5820287,-14,0
5820287,-15,C
5820287,-16,0
5820287,-17,0
5934968,0,0
5878902,0,C
5878902,-1,0
5878902,-2,C
5878902,-3,C
5878902,-4,0
5878902,-5,C
5878902,-6,0
5878902,-7,C
5878902,-8,0
5878902,-9,0
5878902,-10,0
5878902,-11,0
5878902,-12,0
5878902,-13,0
5878902,-14,0
5507014,0,C
5507014,-1,X
5507014,-2,C
5507014,-3,0
5507014,-4,0
5507014,-5,X
5507014,-6,X
5507014,-7,0
5063468,0,0
5063468,-1,0
5063468,-2,C
5063468,-3,C
5063468,-4,0
5063468,-5,X
5063468,-6,1
5063468,-7,X
5063468,-8,C
5063468,-9,C
5063468,-10,0
5063468,-11,5
5063468,-12,C
5063468,-13,X
5568670,0,0
5568670,-1,1
5568670,-2,0
5568670,-3,C
5855771,0,0
5855771,-1,0
5606372,0,0
5606372,-1,0
5606372,-2,0
5606372,-3,C
5606372,-4,C
5606372,-5,C
5358900,0,C
5358900,-1,0
5358900,-2,0
5358900,-3,X
5358900,-4,C
5178392,0,C
5178392,-1,C
5178392,-2,0
5178392,-3,C
5178392,-4,0
5178392,-5,0
5178392,-6,C
5178392,-7,0
5178392,-8,0
5178392,-9,C
5921914,0,C
5921914,-1,C
5348365,0,C
5348365,-1,0
5348365,-2,0
5348365,-3,C
5348365,-4,0
5377482,0,C
5377482,-1,0
5377482,-2,0
5377482,-3,5
5044792,0,0
5044792,-1,0
5044792,-2,1
5044792,-3,X
5044792,-4,0
5044792,-5,C
5044792,-6,0
5044792,-7,0
5044792,-8,0
5044792,-9,1
5044792,-10,4
5044792,-11,C
5044792,-12,0
5044792,-13,3
5044792,-14,0
5044792,-15,0
5044792,-16,C
5044792,-17,0
5044792,-18,0
5690927,0,X
5690927,-1,X
5690927,-2,C
5690927,-3,C
5690927,-4,X
5690927,-5,1
5690927,-6,C
5690927,-7,0
5690927,-8,0
5690927,-9,C
5690927,-10,0
5690927,-11,X
5690927,-12,0
5690927,-13,0
5690927,-14,C
5690927,-15,C
5690927,-16,0
5050313,0,1
5050313,-1,X
5050313,-2,X
5050313,-3,0
5050313,-4,0
5050313,-5,C
5050313,-6,C
5050313,-7,0
5050313,-8,0
5050313,-9,0
5050313,-10,C
5050313,-11,C
5050313,-12,0
5050313,-13,0
5050313,-14,0
5050313,-15,0
5050313,-16,C
5050313,-17,X
5050313,-18,C
5050313,-19,0
5780881,0,0
5780881,-1,C
5780881,-2,X
5780881,-3,C
5780881,-4,4
5780881,-5,0
5780881,-6,C
5780881,-7,X
5780881,-8,0
5780881,-9,0
5780881,-10,X
5018958,0,0
5018958,-1,C
5018958,-2,0
5018958,-3,C
5018958,-4,X
5018958,-5,C
5018958,-6,C
5018958,-7,0
5018958,-8,C
5018958,-9,0
5018958,-10,C
5018958,-11,C
5018958,-12,0
5018958,-13,C
5804703,0,0
5804703,-1,0
5804703,-2,C
5804703,-3,0
5804703,-4,0
5008985,0,5
5008985,-1,C
5008985,-2,0
5008985,-3,X
5008985,-4,X
5008985,-5,0
5008985,-6,0
5008985,-7,X
5008985,-8,X
5008985,-9,0
5008985,-10,0
5008985,-11,C
5008985,-12,0
5008985,-13,0
5008985,-14,C
5099901,0,0
5099901,-1,1
5655318,0,0
5224928,0,C
5224928,-1,C
5224928,-2,0
5224928,-3,0
5224928,-4,0
5224928,-5,C
5224928,-6,C
5224928,-7,0
5224928,-8,0
5224928,-9,C
5224928,-10,0
5224928,-11,0
5224928,-12,0
5224928,-13,0
5224928,-14,C
5224928,-15,0
5224928,-16,0
5224928,-17,C
5224928,-18,C
5224928,-19,0
5224928,-20,1
5224928,-21,C
5926625,0,0
5926625,-1,C
5926625,-2,C
5926625,-3,0
5926625,-4,1
5926625,-5,0
5926625,-6,0
5926625,-7,X
5926625,-8,0
5926625,-9,0
5926625,-10,0
5926625,-11,0
5926625,-12,0
5926625,-13,C
5926625,-14,C
5926625,-15,C
5926625,-16,X
5926625,-17,0
5926625,-18,0
5926625,-19,X
5926625,-20,0
5926625,-21,C
5926625,-22,C
5067898,0,0
5067898,-1,C
5067898,-2,C
5067898,-3,C
5067898,-4,0
5067898,-5,C
5067898,-6,C
5067898,-7,1
5067898,-8,C
5067898,-9,C
5067898,-10,0
5067898,-11,0
5067898,-12,0
5067898,-13,X
5068878,0,C
5068878,-1,C
5068878,-2,C
5068878,-3,C
5904484,0,C
5904484,-1,C
5904484,-2,C
5904484,-3,C
5904484,-4,X
5904484,-5,C
5904484,-6,C
5904484,-7,0
5904484,-8,0
5904484,-9,C
5904484,-10,0
5904484,-11,C
5244299,0,C
5244299,-1,X
5244299,-2,C
5244299,-3,X
5244299,-4,1
5912237,0,C
5912237,-1,C
5912237,-2,C
5912237,-3,0
5912237,-4,1
5912237,-5,0
5912237,-6,0
5912237,-7,C
5912237,-8,C
5912237,-9,0
5912237,-10,X
5912237,-11,C
5912237,-12,C
5912237,-13,0
5912237,-14,0
5912237,-15,C
5912237,-16,0
5912237,-17,C
5912237,-18,5
5912237,-19,1
5912237,-20,0
5912237,-21,C
5912237,-22,C
5803684,0,1
5803684,-1,C
5803684,-2,C
5803684,-3,0
5803684,-4,0
5803684,-5,0
5803684,-6,0
5803684,-7,0
5803684,-8,0
5803684,-9,C
5803684,-10,0
5803684,-11,0
5803684,-12,0
5803684,-13,C
5803684,-14,0
5803684,-15,0
5803684,-16,C
5803684,-17,0
5803684,-18,C
5803684,-19,C
5803684,-20,C
5803684,-21,0
5803684,-22,C
5444936,0,3
5444936,-1,X
5444936,-2,C
5444936,-3,X
5444936,-4,C
5444936,-5,0
5444936,-6,X
5444936,-7,X
5444936,-8,X
5444936,-9,0
5444936,-10,0
5444936,-11,C
5444936,-12,C
5444936,-13,1
5444936,-14,C
5444936,-15,0
5444936,-16,C
5444936,-17,C
5444936,-18,0
5444936,-19,0
5444936,-20,C
5444936,-21,0
5444936,-22,C
5444936,-23,2
5895958,0,0
5895958,-1,1
5895958,-2,C
5895958,-3,X
5895958,-4,1
5895958,-5,C
5895958,-6,1
5895958,-7,5
5895958,-8,C
5895958,-9,0
5895958,-10,0
5895958,-11,C
5858828,0,0
5858828,-1,C
5575347,0,C
5575347,-1,C
5575347,-2,0
5575347,-3,C
5575347,-4,C
5575347,-5,0
5464016,0,0
5464016,-1,C
5464016,-2,0
5464016,-3,C
5464016,-4,C
5464016,-5,0
5464016,-6,0
5464016,-7,0
5464016,-8,0
5464016,-9,C
5464016,-10,0
5464016,-11,0
5464016,-12,0
5464016,-13,1
5196829,0,0
5196829,-1,0
5196829,-2,1
5196829,-3,C
5196829,-4,X
5196829,-5,X
5196829,-6,0
5196829,-7,0
5196829,-8,C
5196829,-9,C
5196829,-10,1
5196829,-11,0
5196829,-12,0
5196829,-13,0
5196829,-14,C
5309023,0,1
5309023,-1,0
5309023,-2,X
5309023,-3,X
5347381,0,0
5347381,-1,0
5310804,0,0
5310804,-1,0
5310804,-2,2
5310804,-3,0
5310804,-4,0
5310804,-5,C
5310804,-6,X
5310804,-7,X
5310804,-8,C
5310804,-9,0
5310804,-10,0
5310804,-11,0
5310804,-12,X
5310804,-13,C
5310804,-14,X
5310804,-15,X
5837523,0,C
5837523,-1,2
5837523,-2,X
5837523,-3,C
5837523,-4,0
5837523,-5,X
5837523,-6,C
5837523,-7,0
5837523,-8,C
5837523,-9,0
5837523,-10,C
5837523,-11,C
5837523,-12,X
5837523,-13,C
5837523,-14,0
5837523,-15,0
5837523,-16,C
5837523,-17,C
5837523,-18,0
5837523,-19,0
5837523,-20,C
5837523,-21,0
5268240,0,4
5268240,-1,0
5268240,-2,C
5268240,-3,0
5268240,-4,X
5268240,-5,X
5268240,-6,0
5268240,-7,0
5268240,-8,0
5268240,-9,0
5268240,-10,C
5268240,-11,C
5268240,-12,0
5366137,0,C
5366137,-1,C
5366137,-2,C
5366137,-3,0
5366137,-4,0
5366137,-5,0
5366137,-6,1
5366137,-7,C
5366137,-8,0
5366137,-9,C
5366137,-10,0
5366137,-11,X
5366137,-12,0
5366137,-13,C
5449596,0,C
5449596,-1,0
5449596,-2,C
5449596,-3,0
5449596,-4,3
5449596,-5,C
5449596,-6,C
5449596,-7,1
5449596,-8,0
5449596,-9,0
5449596,-10,0
5586917,0,C
5980753,0,0
5980753,-1,0
5980753,-2,0
5980753,-3,X
5980753,-4,C
5980753,-5,C
5980753,-6,C
5980753,-7,C
5980753,-8,0
5980753,-9,0
5980753,-10,X
5980753,-11,0
5980753,-12,0
5051662,0,0
5051662,-1,0
5051662,-2,0
5051662,-3,C
5051662,-4,0
5051662,-5,C
5051662,-6,C
5051662,-7,X
5051662,-8,0
5051662,-9,C
5892873,0,X
5892873,-1,0
5892873,-2,0
5892873,-3,C
5892873,-4,0
5892873,-5,0
5892873,-6,0
5892873,-7,C
5892873,-8,C
5892873,-9,C
5892873,-10,C
5892873,-11,0
5892873,-12,C
5576798,0,0
5576798,-1,0
5576798,-2,C
5576798,-3,0
5576798,-4,C
5480866,0,0
5480866,-1,C
5480866,-2,C
5480866,-3,0
5480866,-4,5
5480866,-5,1
5480866,-6,0
5480866,-7,0
5480866,-8,4
5480866,-9,0
5480866,-10,C
5480866,-11,C
5480866,-12,C
5480866,-13,0
5480866,-14,C
5480866,-15,0
5480866,-16,0
5480866,-17,0
5480866,-18,0
5480866,-19,0
5480866,-20,C
5550670,0,C
5550670,-1,0
5550670,-2,X
5550670,-3,X
5550670,-4,C
5550670,-5,C
5550670,-6,C
5550670,-7,1
5550670,-8,0
5550670,-9,C
5550670,-10,0
5550670,-11,0
5550670,-12,C
5584291,0,C
5362131,0,C
5362131,-1,C
5362131,-2,C
5033319,0,0
5033319,-1,0
5033319,-2,C
5033319,-3,C
5033319,-4,0
5033319,-5,C
5033319,-6,C
5033319,-7,C
5033319,-8,C
5033319,-9,0
5033319,-10,C
5033319,-11,0
5033319,-12,C
5033319,-13,0
5215537,0,0
5215537,-1,C
5215537,-2,C
5215537,-3,C
5215537,-4,C
5215537,-5,1
5215537,-6,X
5215537,-7,0
5215537,-8,C
5215537,-9,C
5215537,-10,0
5215537,-11,5
5215537,-12,0
5215537,-13,C
5215537,-14,C
5215537,-15,C
5215537,-16,C
5215537,-17,C
5215537,-18,0
5215537,-19,C
5215537,-20,0
5215537,-21,C
5126314,0,0
5126314,-1,0
5126314,-2,2
5126314,-3,0
5126314,-4,X
5126314,-5,X
5126314,-6,0
5126314,-7,C
5126314,-8,X
5126314,-9,C
5126314,-10,C
5126314,-11,C
5126314,-12,0
5126314,-13,C
5126314,-14,0
5126314,-15,C
5126314,-16,C
5126314,-17,X
5126314,-18,0
5460373,0,0
5460373,-1,0
5460373,-2,0
5460373,-3,C
5460373,-4,X
5489379,0,C
5489379,-1,C
5489379,-2,0
5489379,-3,X
5489379,-4,C
5063224,0,C
5063224,-1,C
5063224,-2,0
5063224,-3,C
5063224,-4,X
5063224,-5,C
5063224,-6,0
5063224,-7,X
5965339,0,5
5779635,0,0
5779635,-1,C
5779635,-2,C
5779635,-3,C
5779635,-4,0
5779635,-5,C
5695825,0,0
5695825,-1,5
5695825,-2,C
5695825,-3,0
5695825,-4,C
5695825,-5,C
5695825,-6,0
5695825,-7,0
5695825,-8,1
5695825,-9,0
5695825,-10,0
5695825,-11,0
5695825,-12,C
5695825,-13,1
5695825,-14,0
5561880,0,0
5561880,-1,0
5561880,-2,0
5561880,-3,5
5561880,-4,3
5561880,-5,X
5561880,-6,0
5561880,-7,C
5561880,-8,C
5279994,0,0
5279994,-1,C
5279994,-2,C
5279994,-3,0
5279994,-4,0
5279994,-5,C
5279994,-6,0
5279994,-7,0
5279994,-8,C
5279994,-9,0
5279994,-10,X
5279994,-11,0
5279994,-12,2
5279994,-13,X
5279994,-14,C
5279994,-15,C
5279994,-16,1
5279994,-17,C
5279994,-18,C
5279994,-19,C
5876144,0,C
5876144,-1,X
5876144,-2,X
5876144,-3,C
5876144,-4,C
5876144,-5,0
5876144,-6,0
5876144,-7,5
5876144,-8,C
5876144,-9,C
5571749,0,0
5571749,-1,C
5571749,-2,0
5435458,0,C
5435458,-1,0
5435458,-2,C
5435458,-3,C
5435458,-4,C
5435458,-5,C
5435458,-6,0
5435458,-7,0
5435458,-8,C
5435458,-9,0
5435458,-10,0
5435458,-11,0
5435458,-12,C
5435458,-13,C
5435458,-14,C
5435458,-15,X
5435458,-16,C
5435458,-17,C
5435458,-18,0
5435458,-19,C
5435458,-20,C
5435458,-21,0
5256147,0,0
5256147,-1,C
5256147,-2,0
5256147,-3,C
5256147,-4,C
5256147,-5,0
5256147,-6,C
5256147,-7,C
5256147,-8,C
5527943,0,C
5330301,0,0
5330301,-1,0
5330301,-2,C
5330301,-3,C
5330301,-4,0
5330301,-5,0
5330301,-6,0
5330301,-7,0
5872559,0,0
5872559,-1,C
5872559,-2,0
5872559,-3,0
5872559,-4,0
5872559,-5,0
5872559,-6,0
5872559,-7,2
5872559,-8,C
5872559,-9,0
5872559,-10,C
5872559,-11,X
5872559,-12,0
5872559,-13,0
5872559,-14,0
5872559,-15,0
5872559,-16,1
5872559,-17,X
5872559,-18,2
5872559,-19,C
5872559,-20,C
5872559,-21,C
5069254,0,0
5069254,-1,C
5069254,-2,0
5069254,-3,C
5069254,-4,C
5069254,-5,0
5069254,-6,C
5069254,-7,0
5069254,-8,C
5069254,-9,X
5069254,-10,C
5678875,0,C
5678875,-1,0
5678875,-2,C
5678875,-3,0
5678875,-4,0
5678875,-5,C
5678875,-6,1
5678875,-7,0
5678875,-8,0
5678875,-9,C
5678875,-10,C
5678875,-11,C
5678875,-12,C
5678875,-13,0
5275405,0,0
5275405,-1,C
5275405,-2,C
5275405,-3,0
5275405,-4,X
5275405,-5,X
5275405,-6,0
5275405,-7,0
5275405,-8,C
5275405,-9,C
5275405,-10,0
5275405,-11,C
5275405,-12,0
5275405,-13,X
5275405,-14,0
5275405,-15,C
5275405,-16,C
5943251,0,X
5943251,-1,0
5943251,-2,0
5587305,0,0
5889145,0,0
5889145,-1,0
5889145,-2,C
5889145,-3,C
5889145,-4,C
5889145,-5,C
5889145,-6,0
5889145,-7,C
5889145,-8,0
5889145,-9,C
5889145,-10,1
5889145,-11,0
5889145,-12,0
5889145,-13,0
5889145,-14,C
5889145,-15,0
5889145,-16,C
5889145,-17,C
5889145,-18,0
5889145,-19,0
5889145,-20,0
5889145,-21,0
5889145,-22,0
5889145,-23,X
5379066,0,0
5379066,-1,C
5379066,-2,0
5379066,-3,0
5379066,-4,0
5379066,-5,1
5379066,-6,X
5379066,-7,X
5379066,-8,X
5379066,-9,C
5379066,-10,C
5379066,-11,0
5379066,-12,C
5379066,-13,C
5379066,-14,0
5379066,-15,C
5115771,0,C
5115771,-1,X
5115771,-2,5
5115771,-3,C
5517431,0,C
5517431,-1,X
5265973,0,C
5265973,-1,0
5265973,-2,0
5265973,-3,C
5265973,-4,X
5265973,-5,C
5265973,-6,C
5265973,-7,0
5265973,-8,1
5265973,-9,0
5265973,-10,C
5265973,-11,X
5265973,-12,C
5265973,-13,0
5675594,0,0
5675594,-1,0
5675594,-2,0
5675594,-3,C
5675594,-4,C
5675594,-5,C
5675594,-6,0
5675594,-7,C
5675594,-8,C
5675594,-9,X
5675594,-10,5
5675594,-11,C
5675594,-12,X
5400807,0,C
5400807,-1,0
5400807,-2,0
5400807,-3,0
5400807,-4,0
5400807,-5,X
5400807,-6,C
5400807,-7,0
5400807,-8,0
5400807,-9,0
5400807,-10,C
5400807,-11,0
5400807,-12,X
5400807,-13,0
5400807,-14,C
5400807,-15,C
5400807,-16,0
5400807,-17,C
5565510,0,C
5565510,-1,X
5565510,-2,C
5565510,-3,5
5565510,-4,C
5565510,-5,C
5565510,-6,0
5565510,-7,C
5565510,-8,C
5565510,-9,C
5565510,-10,0
5565510,-11,C
5565510,-12,X
5565510,-13,X
5565510,-14,C
5565510,-15,0
5565510,-16,0
5565510,-17,C
5565510,-18,1
5100075,0,0
5100075,-1,0
5100075,-2,1
5100075,-3,0
5100075,-4,0
5100075,-5,0
5100075,-6,C
5100075,-7,0
5100075,-8,0
5100075,-9,X
5100075,-10,0
5100075,-11,0
5100075,-12,0
5100075,-13,X
5100075,-14,0
5100075,-15,0
5100075,-16,0
5100075,-17,0
5701082,0,C
5701082,-1,C
5701082,-2,0
5701082,-3,0
5701082,-4,0
5701082,-5,0
5701082,-6,X
5103660,0,0
5103660,-1,0
5103660,-2,0
5103660,-3,C
5103660,-4,0
5103660,-5,C
5103660,-6,0
5103660,-7,0
5103660,-8,X
5103660,-9,C
5103660,-10,X
5172271,0,0
5172271,-1,C
5331227,0,0
5331227,-1,0
5331227,-2,0
5331227,-3,1
5331227,-4,X
5331227,-5,C
5331227,-6,0
5331227,-7,C
5331227,-8,X
5331227,-9,C
5331227,-10,1
5331227,-11,0
5331227,-12,0
5331227,-13,0
5331227,-14,C
5331227,-15,0
5331227,-16,0
5331227,-17,0
5331227,-18,0
5331227,-19,0
5331227,-20,0
5331227,-21,0
5259149,0,0
5259149,-1,C
5259149,-2,C
5259149,-3,C
5259149,-4,C
5259149,-5,C
5259149,-6,C
5259149,-7,0
5259149,-8,C
5259149,-9,0
5938626,0,2
5938626,-1,0
5938626,-2,C
5938626,-3,0
5938626,-4,X
5938626,-5,C
5938626,-6,0
5606357,0,0
5606357,-1,C
5606357,-2,C
5606357,-3,C
5606357,-4,0
5606357,-5,C
5606357,-6,C
5606357,-7,0
5606357,-8,0
5606357,-9,0
5606357,-10,0
5990306,0,X
5990306,-1,C
5990306,-2,X
5990306,-3,0
5990306,-4,X
5990306,-5,0
5990306,-6,C
5990306,-7,X
5829829,0,C
5829829,-1,C
5829829,-2,C
5829829,-3,C
5875277,0,0
5875277,-1,1
5875277,-2,0
5875277,-3,0
5875277,-4,0
5875277,-5,0
5875277,-6,C
5875277,-7,0
5875277,-8,0
5875277,-9,C
5875277,-10,0
5875277,-11,0
5875277,-12,C
5875277,-13,0
5875277,-14,C
5875277,-15,C
5875277,-16,C
5875277,-17,C
5875277,-18,C
5875277,-19,0
5256729,0,C
5256729,-1,C
5256729,-2,C
5256729,-3,0
5256729,-4,C
5256729,-5,0
5256729,-6,C
5246895,0,0
5246895,-1,C
5246895,-2,0
5246895,-3,C
5246895,-4,C
5246895,-5,0
5246895,-6,0
5246895,-7,0
5246895,-8,C
5246895,-9,0
5246895,-10,0
5246895,-11,0
5246895,-12,0
5246895,-13,C
5246895,-14,C
5246895,-15,0
5246895,-16,C
5040810,0,C
5040810,-1,C
5040810,-2,0
5040810,-3,3
5040810,-4,0
5040810,-5,X
5040810,-6,C
5040810,-7,0
5040810,-8,C
5040810,-9,C
5314674,0,0
5314674,-1,0
5314674,-2,C
5314674,-3,0
5314674,-4,C
5314674,-5,C
5314674,-6,0
5314674,-7,C
5314674,-8,0
5314674,-9,X
5314674,-10,X
5314674,-11,0
5314674,-12,0
5020473,0,C
5020473,-1,C
5020473,-2,1
5020473,-3,0
5020473,-4,0
5020473,-5,0
5020473,-6,C
5020473,-7,0
5020473,-8,0
5020473,-9,C
5020473,-10,0
5020473,-11,0
5020473,-12,0
5525060,0,0
5525060,-1,C
5525060,-2,0
5525060,-3,C
5525060,-4,0
5525060,-5,0
5525060,-6,0
5582946,0,0
5881794,0,2
5881794,-1,0
5881794,-2,5
5881794,-3,0
5881794,-4,0
5881794,-5,0
5881794,-6,C
5881794,-7,0
5881794,-8,0
5881794,-9,C
5881794,-10,0
5881794,-11,0
5881794,-12,0
5881794,-13,X
5881794,-14,C
5881794,-15,1
5881794,-16,0
5881794,-17,C
5881794,-18,C
5881794,-19,C
5881794,-20,0
5974158,0,0
5974158,-1,C
5974158,-2,0
5974158,-3,C
5422758,0,X
5422758,-1,1
5422758,-2,X
5422758,-3,0
5422758,-4,C
5422758,-5,0
5422758,-6,C
5422758,-7,C
5422758,-8,4
5422758,-9,0
5422758,-10,0
5422758,-11,0
5422758,-12,C
5422758,-13,C
5422758,-14,4
5422758,-15,C
5422758,-16,0
5422758,-17,0
5422758,-18,C
5422758,-19,C
5422758,-20,0
5422758,-21,X
5422758,-22,C
5673532,0,C
5673532,-1,0
5673532,-2,0
5673532,-3,C
5673532,-4,C
5673532,-5,C
5673532,-6,0
5673532,-7,C
5673532,-8,C
5673532,-9,0
5673532,-10,0
5673532,-11,C
5673532,-12,0
5673532,-13,C
5673532,-14,C
5673532,-15,C
5826660,0,C
5826660,-1,0
5826660,-2,0
5826660,-3,C
5826660,-4,C
5826660,-5,X
5826660,-6,C
5733810,0,C
5733810,-1,0
5733810,-2,0
5733810,-3,0
5733810,-4,X
5733810,-5,C
5733810,-6,0
5733810,-7,C
5733810,-8,C
5733810,-9,X
5733810,-10,X
5733810,-11,0
5733810,-12,0
5733810,-13,X
5733810,-14,0
5733810,-15,4
5733810,-16,0
5733810,-17,0
5733810,-18,C
5733810,-19,0
5733810,-20,C
5733810,-21,0
5733810,-22,5
5733810,-23,C
5837315,0,C
5837315,-1,1
5837315,-2,0
5837315,-3,X
5837315,-4,C
5837315,-5,0
5837315,-6,C
5837315,-7,0
5837315,-8,C
5837315,-9,0
5837315,-10,1
5837315,-11,C
5837315,-12,C
5570266,0,0
5570266,-1,C
5570266,-2,C
5570266,-3,0
5570266,-4,C
5570266,-5,5
5570266,-6,C
5570266,-7,0
5006298,0,X
5006298,-1,C
5006298,-2,C
5006298,-3,C
5006298,-4,0
5006298,-5,0
5006298,-6,C
5006298,-7,0
5006298,-8,C
5006298,-9,0
5006298,-10,0
5006298,-11,C
5006298,-12,C
5006298,-13,X
5006298,-14,C
5006298,-15,0
5006298,-16,X
5006298,-17,C
5006298,-18,0
5006298,-19,0
5006298,-20,X
5006298,-21,X
5006298,-22,0
5996135,0,C
5996135,-1,0
5996135,-2,X
5996135,-3,0
5996135,-4,C
5996135,-5,0
5996135,-6,C
5996135,-7,C
5996135,-8,X
5996135,-9,C
5711524,0,C
5711524,-1,C
5711524,-2,0
5711524,-3,5
5959375,0,X
5959375,-1,C
5959375,-2,0
5959375,-3,0
5959375,-4,C
5959375,-5,0
5959375,-6,0
5959375,-7,4
5959375,-8,C
5959375,-9,0
5959375,-10,0
5959375,-11,C
5959375,-12,C
5959375,-13,X
5959375,-14,C
5959375,-15,0
5959375,-16,C
5055070,0,C
5055070,-1,X
5021219,0,C
5021219,-1,C
5430193,0,0
5430193,-1,C
5430193,-2,C
5430193,-3,0
5430193,-4,0
5430193,-5,0
5992619,0,C
5992619,-1,0
5992619,-2,C
5992619,-3,0
5992619,-4,0
5992619,-5,C
5992619,-6,3
5992619,-7,X
5123551,0,0
5123551,-1,0
5123551,-2,C
5432316,0,4
5432316,-1,C
5432316,-2,0
5432316,-3,0
5432316,-4,1
5432316,-5,0
5432316,-6,0
5432316,-7,0
5432316,-8,0
5432316,-9,C
5432316,-10,0
5432316,-11,X
5432316,-12,0
5432316,-13,X
5432316,-14,0
5432316,-15,X
5432316,-16,C
5432316,-17,X
5432316,-18,C
5432316,-19,1
5432316,-20,5
5432316,-21,C
5432316,-22,C
5432316,-23,0
5274636,0,C
5274636,-1,1
5274636,-2,0
5274636,-3,C
5274636,-4,C
5274636,-5,0
5115138,0,C
5115138,-1,2
5115138,-2,C
5115138,-3,X
5115138,-4,0
5115138,-5,X
5115138,-6,1
5115138,-7,C
5115138,-8,0
5115138,-9,X
5115138,-10,1
5115138,-11,C
5115138,-12,0
5115138,-13,C
5431446,0,0
5431446,-1,5
5431446,-2,0
5431446,-3,1
5431446,-4,0
5431446,-5,0
5092660,0,C
5092660,-1,0
5092660,-2,X
5092660,-3,X
5092660,-4,5
5092660,-5,0
5092660,-6,2
5092660,-7,C
5092660,-8,C
5092660,-9,C
5092660,-10,C
5092660,-11,C
5092660,-12,0
5092660,-13,0
5092660,-14,0
5092660,-15,C
5092660,-16,0
5092660,-17,X
5092660,-18,5
5092660,-19,C
5092660,-20,C
5092660,-21,C
5450102,0,C
5450102,-1,0
5450102,-2,1
5450102,-3,C
5450102,-4,2
5450102,-5,C
5450102,-6,C
5450102,-7,5
5450102,-8,C
5450102,-9,X
5450102,-10,C
5450102,-11,C
5348666,0,X
5348666,-1,0
5348666,-2,C
5348666,-3,0
5348666,-4,0
5348666,-5,C
5348666,-6,X
5348666,-7,X
5344474,0,0
5344474,-1,C
5344474,-2,C
5344474,-3,C
5344474,-4,C
5344474,-5,X
5344474,-6,C
5344474,-7,X
5344474,-8,0
5344474,-9,0
5344474,-10,C
5344474,-11,C
5344474,-12,0
5344474,-13,1
5344474,-14,0
5483615,0,C
5483615,-1,C
5483615,-2,C
5483615,-3,0
5483615,-4,C
5483615,-5,C
5483615,-6,0
5483615,-7,0
5483615,-8,C
5483615,-9,C
5483615,-10,0
5483615,-11,C
5483615,-12,0
5483615,-13,C
5483615,-14,0
5483615,-15,C
5483615,-16,0
5483615,-17,0
5508945,0,C
5508945,-1,C
5508945,-2,C
5508945,-3,C
5508945,-4,0
5508945,-5,C
5508945,-6,0
5508945,-7,0
5508945,-8,0
5508945,-9,C
5508945,-10,C
5508945,-11,X
5508945,-12,0
5508945,-13,X
5508945,-14,1
5508945,-15,0
5508945,-16,0
5508945,-17,C
5508945,-18,X
5508945,-19,0
5508945,-20,C
5508945,-21,0
5481188,0,C
5481188,-1,C
5481188,-2,0
5481188,-3,1
5481188,-4,X
5481188,-5,C
5481188,-6,C
5481188,-7,0
5481188,-8,C
5481188,-9,C
5481188,-10,3
5481188,-11,C
5481188,-12,0
5481188,-13,0
5481188,-14,0
5481188,-15,0
5441451,0,0
5441451,-1,0
5441451,-2,C
5441451,-3,C
5441451,-4,C
5441451,-5,C
5441451,-6,0
5441451,-7,0
5441451,-8,0
5531787,0,C
5531787,-1,C
5531787,-2,0
5531787,-3,C
5531787,-4,0
5531787,-5,X
5531787,-6,C
5531787,-7,0
5531787,-8,0
5531787,-9,C
5531787,-10,0
5531787,-11,0
5531787,-12,0
5531787,-13,0
5531787,-14,0
5531787,-15,0
5531787,-16,C
5531787,-17,1
5531787,-18,C
5531787,-19,0
5531787,-20,0
5556418,0,3
5556418,-1,0
5556418,-2,C
5556418,-3,0
5556418,-4,C
5556418,-5,0
5556418,-6,0
5556418,-7,C
5556418,-8,C
5556418,-9,C
5556418,-10,C
5556418,-11,C
5556418,-12,C
5556418,-13,1
5556418,-14,C
5973423,0,C
5973423,-1,C
5973423,-2,C
5973423,-3,0
5973423,-4,0
5973423,-5,0
5973423,-6,C
5973423,-7,C
5973423,-8,C
5973423,-9,2
5973423,-10,0
5973423,-11,0
5973423,-12,C
5973423,-13,C
5973423,-14,X
5973423,-15,C
5973423,-16,0
5973423,-17,X
5973423,-18,0
5973423,-19,3
5386542,0,X
5386542,-1,0
5386542,-2,0
5386542,-3,0
5386542,-4,C
5386542,-5,C
5386542,-6,0
5386542,-7,0
5386542,-8,C
5386542,-9,0
5025768,0,X
5025768,-1,0
5025768,-2,0
5025768,-3,5
5025768,-4,C
5025768,-5,C
5025768,-6,1
5025768,-7,C
5025768,-8,X
5025768,-9,0
5025768,-10,0
5025768,-11,C
5025768,-12,C
5025768,-13,C
5025768,-14,C
5025768,-15,C
5025768,-16,C
5025768,-17,C
5025768,-18,C
5025768,-19,C
5025768,-20,0
5025768,-21,0
5470128,0,0
5470128,-1,C
5470128,-2,C
5470128,-3,X
5470128,-4,C
5470128,-5,0
5470128,-6,0
5470128,-7,C
5470128,-8,C
5470128,-9,C
5470128,-10,C
5470128,-11,C
5470128,-12,C
5470128,-13,0
5470128,-14,C
5470128,-15,C
5470128,-16,0
5470128,-17,X
5470128,-18,C
5470128,-19,0
5931864,0,C
5931864,-1,0
5931864,-2,C
5931864,-3,0
5931864,-4,0
5931864,-5,C
5931864,-6,0
5931864,-7,X
5931864,-8,C
5931864,-9,C
5931864,-10,C
5488469,0,0
5488469,-1,C
5488469,-2,0
5488469,-3,C
5488469,-4,0
5488469,-5,X
5488469,-6,0
5488469,-7,0
5488469,-8,0
5488469,-9,0
5488469,-10,0
5488469,-11,0
5488469,-12,C
5488469,-13,C
5488469,-14,0
5488469,-15,0
5488469,-16,C
5488469,-17,0
5200614,0,C
5200614,-1,0
5200614,-2,0
5200614,-3,C
5200614,-4,X
5200614,-5,C
5200614,-6,0
5200614,-7,C
5200614,-8,C
5200614,-9,0
5200614,-10,C
5200614,-11,X
5200614,-12,X
5200614,-13,0
5200614,-14,C
5200614,-15,0
5200614,-16,C
5200614,-17,X
5200614,-18,0
5200614,-19,0
5694206,0,0
5694206,-1,C
5694206,-2,0
5694206,-3,C
5694206,-4,0
5969439,0,C
5969439,-1,C
5969439,-2,0
5969439,-3,5
5969439,-4,0
5969439,-5,C
5969439,-6,X
5969439,-7,0
5969439,-8,0
5969439,-9,C
5969439,-10,0
5969439,-11,C
5969439,-12,X
5969439,-13,C
5969439,-14,X
5969439,-15,C
5969439,-16,0
5969439,-17,C
5969439,-18,0
5969439,-19,0
5969439,-20,3
5802841,0,0
5802841,-1,0
5802841,-2,C
5802841,-3,C
5802841,-4,1
5098605,0,5
5303097,0,C
5303097,-1,0
5303097,-2,3
5303097,-3,C
5303097,-4,0
5303097,-5,1
5303097,-6,C
5303097,-7,C
5303097,-8,C
5303097,-9,C
5303097,-10,C
5303097,-11,4
5303097,-12,4
5303097,-13,C
5303097,-14,1
5303097,-15,X
5303097,-16,1
5303097,-17,0
5303097,-18,C
5303097,-19,C
5303097,-20,X
5765403,0,X
5765403,-1,0
5765403,-2,0
5765403,-3,0
5765403,-4,0
5765403,-5,0
5765403,-6,C
5765403,-7,0
5765403,-8,0
5727932,0,0
5727932,-1,C
5519048,0,2
5519048,-1,C
5519048,-2,X
5519048,-3,X
5519048,-4,X
5519048,-5,C
5519048,-6,0
5519048,-7,0
5519048,-8,0
5519048,-9,C
5519048,-10,C
5519048,-11,X
5519048,-12,C
5519048,-13,0
5519048,-14,0
5519048,-15,0
5519048,-16,0
5519048,-17,C
5519048,-18,C
5519048,-19,X
5519048,-20,C
5519048,-21,C
5538356,0,0
5538356,-1,5
5538356,-2,0
5538356,-3,C
5538356,-4,0
5538356,-5,C
5538356,-6,0
5538356,-7,C
5538356,-8,0
5538356,-9,3
5538356,-10,X
5538356,-11,0
5442079,0,C
5442079,-1,0
5442079,-2,0
5442079,-3,C
5442079,-4,X
5442079,-5,0
5442079,-6,0
5442079,-7,0
5442079,-8,C
5442079,-9,1
5442079,-10,0
5442079,-11,C
5442079,-12,3
5421033,0,1
5421033,-1,1
5421033,-2,0
5421033,-3,C
5421033,-4,3
5421033,-5,0
5421033,-6,C
5421033,-7,0
5421033,-8,C
5185498,0,0
5185498,-1,C
5185498,-2,X
5185498,-3,0
5185498,-4,1
5185498,-5,C
5185498,-6,0
5185498,-7,C
5185498,-8,C
5185498,-9,C
5185498,-10,0
5185498,-11,C
5185498,-12,0
5185498,-13,5
5185498,-14,X
5185498,-15,C
5185498,-16,0
5062036,0,C
5062036,-1,0
5062036,-2,C
5062036,-3,0
5062036,-4,C
5062036,-5,C
5062036,-6,0
5026706,0,0
5026706,-1,C
5026706,-2,C
5026706,-3,4
5026706,-4,C
5026706,-5,C
5026706,-6,0
5026706,-7,0
5026706,-8,1
5026706,-9,C
5026706,-10,C
5178228,0,0
5178228,-1,C
5178228,-2,C
5178228,-3,4
5178228,-4,C
5178228,-5,0
5178228,-6,C
5178228,-7,0
5178228,-8,0
5178228,-9,C
5178228,-10,C
5178228,-11,3
5178228,-12,C
5178228,-13,C
5265704,0,C
5265704,-1,0
5265704,-2,C
5265704,-3,X
5198493,0,0
5198493,-1,C
5198493,-2,0
5198493,-3,0
5198493,-4,X
5198493,-5,C
5198493,-6,X
5198493,-7,C
5198493,-8,C
5198493,-9,X
5198493,-10,0
5198493,-11,C
5198493,-12,C
5198493,-13,1
5198493,-14,C
5198493,-15,0
5198493,-16,5
5198493,-17,1
5198493,-18,C
5198493,-19,C
5198493,-20,C
5198493,-21,0
5198493,-22,C
5198493,-23,C
5373298,0,C
5373298,-1,0
5373298,-2,1
5373298,-3,0
5373298,-4,C
5373298,-5,0
5373298,-6,0
5373298,-7,C
5373298,-8,C
5373298,-9,C
5373298,-10,0
5373298,-11,0
5373298,-12,C
5373298,-13,C
5373298,-14,C
5373298,-15,5
5373298,-16,0
5373298,-17,C
5373298,-18,X
5373298,-19,C
5373298,-20,0
5373298,-21,C
5373298,-22,X
5373298,-23,0
5836405,0,0
5836405,-1,1
5836405,-2,C
5836405,-3,0
5836405,-4,C
5836405,-5,C
5836405,-6,C
5836405,-7,0
5836405,-8,1
5160613,0,1
5160613,-1,0
5160613,-2,C
5160613,-3,4
5160613,-4,X
5160613,-5,0
5160613,-6,X
5160613,-7,0
5160613,-8,C
5160613,-9,X
5160613,-10,C
5160613,-11,C
5160613,-12,0
5071972,0,C
5071972,-1,C
5071972,-2,C
5071972,-3,C
5071972,-4,0
5071972,-5,X
5803048,0,C
5803048,-1,0
5803048,-2,0
5803048,-3,C
5803048,-4,X
5803048,-5,0
5803048,-6,X
5803048,-7,0
5045678,0,C
5045678,-1,X
5045678,-2,X
5045678,-3,0
5045678,-4,C
5045678,-5,X
5045678,-6,C
5045678,-7,C
5045678,-8,2
5045678,-9,C
5045678,-10,C
5045678,-11,0
5045678,-12,C
5045678,-13,3
5045678,-14,X
5045678,-15,C
5045678,-16,0
5045678,-17,X
5045678,-18,C
5599914,0,C
5599914,-1,C
5599914,-2,C
5599914,-3,X
5599914,-4,0
5599914,-5,0
5599914,-6,C
5599914,-7,C
5599914,-8,0
5599914,-9,X
5599914,-10,0
5599914,-11,C
5599914,-12,0
5599914,-13,C
5599914,-14,C
5599914,-15,C
5599914,-16,C
5599914,-17,X
5599914,-18,C
5599914,-19,0
5352277,0,1
5352277,-1,C
5352277,-2,0
5352277,-3,0
5352277,-4,C
5352277,-5,C
5458903,0,C
5458903,-1,0
5458903,-2,X
5458903,-3,1
5458903,-4,0
5458903,-5,0
5458903,-6,C
5777379,0,0
5777379,-1,0
5777379,-2,1
5777379,-3,0
5777379,-4,0
5777379,-5,C
5777379,-6,C
5777379,-7,C
5777379,-8,C
5777379,-9,C
5777379,-10,0
5777379,-11,C
5777379,-12,0
5777379,-13,C
5777379,-14,1
5777379,-15,2
5841962,0,C
5841962,-1,0
5841962,-2,0
5841962,-3,0
5841962,-4,0
5841962,-5,X
5488708,0,2
5488708,-1,X
5488708,-2,5
5488708,-3,C
5488708,-4,C
5488708,-5,X
5488708,-6,C
5488708,-7,0
5488708,-8,0
5360635,0,0
5360635,-1,5
5360635,-2,C
5360635,-3,1
5360635,-4,C
5360635,-5,C
5360635,-6,X
5360635,-7,4
5360635,-8,C
5360635,-9,C
5360635,-10,0
5360635,-11,5
5360635,-12,3
5360635,-13,C
5360635,-14,C
5360635,-15,0
5360635,-16,X
5360635,-17,0
5360635,-18,C
5360635,-19,C
5360635,-20,C
5360635,-21,1
5360635,-22,C
5384368,0,1
5384368,-1,0
5384368,-2,X
5384368,-3,0
5384368,-4,C
5384368,-5,0
5384368,-6,C
5384368,-7,1
5384368,-8,0
5384368,-9,C
5384368,-10,0
5384368,-11,0
5384368,-12,X
5194702,0,1
5194702,-1,0
5194702,-2,C
5194702,-3,0
5194702,-4,C
5194702,-5,0
5194702,-6,1
5194702,-7,C
5194702,-8,C
5194702,-9,C
5194702,-10,0
5194702,-11,C
5186262,0,C
5743971,0,C
5743971,-1,0
5743971,-2,C
5743971,-3,C
5743971,-4,0
5743971,-5,1
5743971,-6,C
5743971,-7,C
5743971,-8,C
5743971,-9,0
5743971,-10,0
5743971,-11,X
5743971,-12,0
5743971,-13,0
5743971,-14,X
5743971,-15,0
5743971,-16,C
5743971,-17,C
5743971,-18,C
5743971,-19,0
5743971,-20,0
5743971,-21,X
5743971,-22,C
5768294,0,2
5768294,-1,X
5768294,-2,C
5768294,-3,C
5768294,-4,C
5768294,-5,1
5768294,-6,C
5768294,-7,0
5768294,-8,C
5768294,-9,0
5768294,-10,0
5394960,0,0
5394960,-1,C
5394960,-2,C
5394960,-3,C
5394960,-4,0
5573357,0,0
5573357,-1,0
5573357,-2,0
5573357,-3,C
5573357,-4,0
5573357,-5,0
5573357,-6,C
5573357,-7,0
5573357,-8,C
5573357,-9,1
5573357,-10,C
5573357,-11,0
5573357,-12,4
5573357,-13,C
5573357,-14,C
5928829,0,0
5928829,-1,2
5928829,-2,2
5928829,-3,X
5928829,-4,0
5852651,0,1
5852651,-1,0
5852651,-2,C
5852651,-3,C
5852651,-4,C
5852651,-5,0
5852651,-6,C
5852651,-7,1
5736362,0,C
5736362,-1,0
5736362,-2,1
5736362,-3,0
5736362,-4,1
5736362,-5,C
5736362,-6,C
5736362,-7,C
5736362,-8,0
5736362,-9,4
5736362,-10,C
5736362,-11,0
5736362,-12,0
5736362,-13,X
5736362,-14,1
5736362,-15,C
5736362,-16,C
5736362,-17,C
5736362,-18,4
5736362,-19,C
5736362,-20,0
5736362,-21,0
5723092,0,C
5723092,-1,0
5723092,-2,5
5723092,-3,C
5723092,-4,C
5723092,-5,C
5723092,-6,0
5723092,-7,1
5723092,-8,0
5723092,-9,X
5723092,-10,0
5723092,-11,C
5723092,-12,C
5723092,-13,0
5723092,-14,C
5723092,-15,C
5723092,-16,0
5496375,0,0
5496375,-1,1
5189080,0,C
5189080,-1,C
5189080,-2,C
5189080,-3,0
5189080,-4,C
5189080,-5,C
5189080,-6,X
5189080,-7,X
5189080,-8,C
5189080,-9,0
5189080,-10,0
5189080,-11,0
5189080,-12,C
5829338,0,0
5829338,-1,C
5829338,-2,C
5829338,-3,C
5829338,-4,C
5829338,-5,5
5829338,-6,4
5829338,-7,0
5829338,-8,0
5829338,-9,0
5829338,-10,C
5829338,-11,C
5414038,0,X
5414038,-1,0
5414038,-2,X
5414038,-3,0
5414038,-4,0
5414038,-5,C
5414038,-6,C
5414038,-7,0
5414038,-8,C
5414038,-9,C
5414038,-10,0
5414038,-11,C
5773849,0,C
5773849,-1,C
5773849,-2,C
5773849,-3,C
5773849,-4,0
5773849,-5,C
5773849,-6,X
5773849,-7,C
5773849,-8,X
5773849,-9,0
5773849,-10,X
5773849,-11,0
5773849,-12,3
5773849,-13,0
5773849,-14,C
5773849,-15,X
5773849,-16,0
5773849,-17,0
5773849,-18,0
5773849,-19,0
5773849,-20,C
5773849,-21,0
5773849,-22,0
5773849,-23,C
5199527,0,0
5199527,-1,1
5199527,-2,5
5199527,-3,0
5199527,-4,0
5532186,0,C
5532186,-1,C
5532186,-2,0
5532186,-3,X
5532186,-4,0
5532186,-5,C
5532186,-6,0
5532186,-7,C
5532186,-8,X
5532186,-9,0
5532186,-10,C
5532186,-11,C
5532186,-12,0
5532186,-13,C
5532186,-14,0
5532186,-15,1
5532186,-16,C
5532186,-17,3
5532186,-18,0
5532186,-19,C
5532186,-20,1
5532186,-21,C
5532186,-22,C
5920813,0,0
5920813,-1,0
5920813,-2,X
5920813,-3,C
5920813,-4,0
5920813,-5,X
5920813,-6,X
5920813,-7,1
5920813,-8,C
5920813,-9,C
5920813,-10,0
5920813,-11,0
5920813,-12,C
5920813,-13,C
5920813,-14,0
5920813,-15,0
5920813,-16,C
5935025,0,X
5514449,0,X
5514449,-1,0
5941565,0,0
5941565,-1,X
5941565,-2,C
5941565,-3,X
5941565,-4,0
5941565,-5,C
5941565,-6,0
5941565,-7,C
5941565,-8,X
5941565,-9,C
5941565,-10,0
5941565,-11,C
5158992,0,0
5158992,-1,0
5158992,-2,X
5158992,-3,C
5158992,-4,C
5995278,0,X
5995278,-1,0
5995278,-2,0
5995278,-3,0
5995278,-4,0
5995278,-5,0
5995278,-6,0
5995278,-7,C
5995278,-8,5
5995278,-9,0
5995278,-10,0
5995278,-11,4
5995278,-12,0
5995278,-13,X
5995278,-14,C
5995278,-15,0
5995278,-16,X
5995278,-17,C
5995278,-18,X
5995278,-19,C
5995278,-20,X
5995278,-21,C
5995278,-22,C
5607356,0,C
5607356,-1,5
5607356,-2,0
5607356,-3,0
5607356,-4,0
5607356,-5,X
5607356,-6,0
5607356,-7,0
5607356,-8,C
5607356,-9,C
5607356,-10,X
5607356,-11,C
5607356,-12,0
5607356,-13,0
5607356,-14,3
5607356,-15,C
5607356,-16,1
5607356,-17,0
5607356,-18,C
5607356,-19,0
5607356,-20,X
5567223,0,0
5567223,-1,X
5567223,-2,C
5567223,-3,0
5567223,-4,C
5924644,0,0
5924644,-1,0
5924644,-2,X
5924644,-3,C
5924644,-4,C
5924644,-5,0
5924644,-6,X
5924644,-7,0
5924644,-8,X
5924644,-9,0
5120646,0,C
5120646,-1,0
5120646,-2,C
5120646,-3,X
5120646,-4,C
5120646,-5,C
5120646,-6,0
5120646,-7,0
5120646,-8,0
5120646,-9,C
5120646,-10,C
5120646,-11,0
5120646,-12,C
5120646,-13,0
5120646,-14,0
5120646,-15,0
5120646,-16,0
5120646,-17,1
5120646,-18,C
5120646,-19,C
5098150,0,C
5098150,-1,C
5098150,-2,0
5098150,-3,0
5098150,-4,C
5098150,-5,C
5098150,-6,0
5098150,-7,0
5098150,-8,X
5098150,-9,C
5098150,-10,C
5098150,-11,2
5098150,-12,C
5098150,-13,1
5098150,-14,3
5098150,-15,C
5098150,-16,C
5098150,-17,0
5098150,-18,0
5098150,-19,C
5098150,-20,0
5098150,-21,C
5740315,0,X
5740315,-1,C
5795486,0,0
5795486,-1,X
5795486,-2,0
5795486,-3,C
5795486,-4,0
5795486,-5,C
5795486,-6,1
5795486,-7,0
5795486,-8,0
5638308,0,C
5638308,-1,C
5638308,-2,1
5638308,-3,0
5638308,-4,3
5638308,-5,0
5638308,-6,C
5638308,-7,0
5638308,-8,C
5638308,-9,C
5638308,-10,0
5638308,-11,0
5638308,-12,C
5638308,-13,C
5638308,-14,X
5638308,-15,C
5638308,-16,C
5859618,0,0
5859618,-1,C
5859618,-2,C
5859618,-3,C
5859618,-4,C
5859618,-5,C
5859618,-6,0
5859618,-7,C
5030320,0,C
5030320,-1,C
5030320,-2,C
5030320,-3,0
5030320,-4,4
5030320,-5,C
5030320,-6,C
5030320,-7,0
5030320,-8,0
5030320,-9,C
5030320,-10,X
5030320,-11,C
5030320,-12,0
5030320,-13,0
5030320,-14,C
5030320,-15,0
5030320,-16,0
5030320,-17,0
5030320,-18,C
5030320,-19,X
5030320,-20,4
5030320,-21,0
5622549,0,1
5622549,-1,C
5622549,-2,0
5622549,-3,X
5622549,-4,0
5622549,-5,0
5027963,0,X
5027963,-1,C
5027963,-2,X
5027963,-3,0
5027963,-4,3
5027963,-5,0
5027963,-6,X
5027963,-7,1
5027963,-8,0
5027963,-9,C
5027963,-10,X
5027963,-11,0
5027963,-12,0
5027963,-13,0
5027963,-14,0
5027963,-15,C
5027963,-16,X
5027963,-17,0
5027963,-18,C
5027963,-19,0
5027963,-20,1
5896187,0,0
5896187,-1,0
5896187,-2,1
5896187,-3,C
5896187,-4,C
5896187,-5,C
5896187,-6,C
5896187,-7,C
5896187,-8,C
5896187,-9,X
5896187,-10,C
5896187,-11,X
5896187,-12,C
5896187,-13,0
5896187,-14,0
5896187,-15,0
5896187,-16,C
5896187,-17,0
5896187,-18,C
5896187,-19,C
5528532,0,C
5528532,-1,X
5528532,-2,5
5528532,-3,C
5528532,-4,0
5528532,-5,0
5528532,-6,0
5528532,-7,0
5528532,-8,0
5528532,-9,0
5528532,-10,0
5528532,-11,C
5528532,-12,C
5528532,-13,C
5528532,-14,C
5528532,-15,C
5528532,-16,C
5528532,-17,0
5528532,-18,0
5091197,0,C
5091197,-1,X
5091197,-2,C
5091197,-3,X
5091197,-4,C
5091197,-5,0
5091197,-6,0
5091197,-7,0
5091197,-8,C
5091197,-9,C
5091197,-10,0
5091197,-11,C
5091197,-12,C
5644427,0,0
5644427,-1,X
5644427,-2,X
5644427,-3,C
5644427,-4,X
5644427,-5,X
5644427,-6,C
5644427,-7,C
5644427,-8,0
5644427,-9,C
5644427,-10,0
5644427,-11,0
5644427,-12,C
5644427,-13,C
5361512,0,0
5361512,-1,C
5361512,-2,0
5361512,-3,1
5361512,-4,0
5361512,-5,C
5361512,-6,C
5361512,-7,C
5361512,-8,C
5361512,-9,C
5361512,-10,1
5361512,-11,C
5361512,-12,0
5361512,-13,C
5361512,-14,C
5361512,-15,C
5361512,-16,X
5361512,-17,C
5361512,-18,1
5361512,-19,C
5705985,0,C
5705985,-1,C
5705985,-2,5
5705985,-3,2
5705985,-4,1
5705985,-5,1
5705985,-6,C
5705985,-7,0
5705985,-8,0
5705985,-9,1
5705985,-10,C
5705985,-11,0
5705985,-12,0
5705985,-13,C
5705985,-14,C
5705985,-15,1
5705985,-16,0
5705985,-17,C
5705985,-18,X
5705985,-19,C
5705985,-20,X
5705985,-21,0
5705985,-22,0
5705985,-23,X
5735052,0,C
5735052,-1,C
5015920,0,C
5871823,0,C
5871823,-1,C
5871823,-2,0
5871823,-3,X
5871823,-4,X
5871823,-5,C
5871823,-6,C
5346148,0,5
5346148,-1,0
5346148,-2,X
5346148,-3,0
5346148,-4,0
5346148,-5,C
5346148,-6,C
5346148,-7,C
5346148,-8,C
5346148,-9,C
5346148,-10,C
5346148,-11,C
5346148,-12,0
5346148,-13,0
5346148,-14,C
5346148,-15,5
5346148,-16,0
5346148,-17,C
5346148,-18,0
5346148,-19,0
5346148,-20,C
5346148,-21,C
5346148,-22,0
5346148,-23,C
5597098,0,C
5306873,0,0
5306873,-1,0
5306873,-2,0
5306873,-3,C
5306873,-4,C
5306873,-5,C
5306873,-6,C
5306873,-7,C
5306873,-8,C
5306873,-9,X
5306873,-10,0
5306873,-11,C
5306873,-12,0
5306873,-13,0
5306873,-14,0
5306873,-15,C
5306873,-16,0
5306873,-17,C
5306873,-18,X
5306873,-19,0
5306873,-20,0
5909952,0,0
5909952,-1,0
5909952,-2,X
5909952,-3,0
5909952,-4,C
5909952,-5,C
5909952,-6,0
5950086,0,C
5950086,-1,0
5950086,-2,X
5950086,-3,C
5950086,-4,0
5759040,0,1
5759040,-1,C
5759040,-2,0
5759040,-3,0
5759040,-4,C
5759040,-5,4
5759040,-6,C
5759040,-7,C
5759040,-8,C
5759040,-9,C
5759040,-10,C
5759040,-11,0
5759040,-12,C
5759040,-13,C
5759040,-14,C
5759040,-15,0
5759040,-16,X
5759040,-17,3
5462525,0,0
5462525,-1,0
5462525,-2,0
5462525,-3,4
5662244,0,0
5662244,-1,C
5662244,-2,C
5662244,-3,3
5662244,-4,0
5662244,-5,0
5662244,-6,0
5662244,-7,0
5662244,-8,C
5662244,-9,4
5662244,-10,X
5662244,-11,0
5662244,-12,0
5662244,-13,C
5662244,-14,0
5662244,-15,X
5696212,0,0
5696212,-1,1
5696212,-2,0
5696212,-3,0
5696212,-4,C
5696212,-5,1
5696212,-6,0
5696212,-7,0
5696212,-8,2
5696212,-9,C
5696212,-10,C
5696212,-11,C
5696212,-12,0
5696212,-13,0
5696212,-14,4
5696212,-15,5
5696212,-16,C
5696212,-17,X
5141887,0,0
5604824,0,0
5604824,-1,X
5604824,-2,0
5604824,-3,0
5604824,-4,C
5604824,-5,C
5604824,-6,C
5604824,-7,C
5604824,-8,2
5604824,-9,0
5584242,0,C
5584242,-1,1
5584242,-2,0
5584242,-3,X
5584242,-4,0
5584242,-5,0
5584242,-6,0
5584242,-7,X
5584242,-8,C
5584242,-9,0
5584242,-10,C
5584242,-11,0
5584242,-12,0
5584242,-13,0
5584242,-14,C
5584242,-15,C
5584242,-16,0
5584242,-17,C
5584242,-18,C
5584242,-19,C
5584242,-20,X
5143248,0,C
5143248,-1,X
5143248,-2,C
5143248,-3,C
5143248,-4,C
5143248,-5,C
5143248,-6,C
5143248,-7,0
5143248,-8,C
5143248,-9,C
5143248,-10,C
5143248,-11,X
5143248,-12,C
5143248,-13,0
5143248,-14,0
5143248,-15,C
5143248,-16,C
5143248,-17,C
5455701,0,0
5455701,-1,1
5455701,-2,0
5455701,-3,0
5455701,-4,0
5455701,-5,0
5455701,-6,C
5455701,-7,C
5455701,-8,X
5455701,-9,C
5455701,-10,C
5455701,-11,0
5455701,-12,C
5455701,-13,0
5455701,-14,C
5455701,-15,0
5455701,-16,0
5455701,-17,1
5455701,-18,C
5455701,-19,C
5455701,-20,0
5455701,-21,C
5455701,-22,0
5455701,-23,C
5122338,0,0
5122338,-1,0
5122338,-2,C
5122338,-3,1
5122338,-4,C
5716008,0,C
5716008,-1,C
5716008,-2,0
5716008,-3,X
5716008,-4,0
5716008,-5,C
5653636,0,C
5653636,-1,X
5653636,-2,0
5653636,-3,C
5653636,-4,0
5653636,-5,0
5653636,-6,X
5653636,-7,0
5653636,-8,C
5653636,-9,0
5653636,-10,C
5653636,-11,0
5653636,-12,C
5653636,-13,C
5653636,-14,C
5653636,-15,C
5653636,-16,X
5653636,-17,C
5653636,-18,0
5358747,0,C
5358747,-1,0
5358747,-2,0
5358747,-3,C
5358747,-4,0
5358747,-5,C
5358747,-6,0
5358747,-7,0
5358747,-8,0
5358747,-9,0
5358747,-10,C
5358747,-11,0
5358747,-12,X
5358747,-13,0
5974038,0,0
5321779,0,X
5321779,-1,0
5321779,-2,0
5321779,-3,C
5321779,-4,0
5321779,-5,0
5321779,-6,C
5321779,-7,C
5321779,-8,0
5321779,-9,C
5321779,-10,C
5321779,-11,C
5321779,-12,C
5321779,-13,0
5321779,-14,X
5321779,-15,5
5321779,-16,C
5321779,-17,C
5321779,-18,0
5321779,-19,1
5321779,-20,C
5321779,-21,1
5321779,-22,C
5540478,0,0
5540478,-1,C
5540478,-2,0
5540478,-3,C
5540478,-4,0
5540478,-5,C
5540478,-6,0
5540478,-7,C
5540478,-8,0
5540478,-9,4
5540478,-10,0
5540478,-11,0
5540478,-12,0
5540478,-13,C
5540478,-14,0
5540478,-15,X
5540478,-16,0
5540478,-17,0
5540478,-18,C
5540478,-19,0
5751996,0,C
5751996,-1,C
5183568,0,0
5183568,-1,0
5183568,-2,0
5183568,-3,C
5183568,-4,C
5183568,-5,3
5183568,-6,1
5183568,-7,0
5183568,-8,C
5749753,0,X
5749753,-1,0
5749753,-2,C
5749753,-3,C
5749753,-4,0
5749753,-5,0
5749753,-6,X
5749753,-7,C
5749753,-8,C
5749753,-9,4
5749753,-10,C
5749753,-11,C
5749753,-12,0
5749753,-13,0
5749753,-14,0
5749753,-15,0
5568228,0,C
5568228,-1,0
5568228,-2,0
5568228,-3,0
5568228,-4,X
5568228,-5,X
5568228,-6,C
5568228,-7,C
5568228,-8,0
5119619,0,0
5119619,-1,0
5119619,-2,0
5119619,-3,0
5119619,-4,C
5119619,-5,1
5119619,-6,0
5119619,-7,X
5119619,-8,0
5119619,-9,C
5119619,-10,0
5119619,-11,C
5119619,-12,2
5119619,-13,X
5119619,-14,0
5119619,-15,0
5119619,-16,X
5119619,-17,C
5119619,-18,C
5119619,-19,0
5119619,-20,0
5119619,-21,C
5119619,-22,X
5119619,-23,0
5861634,0,C
5861634,-1,0
5861634,-2,C
5861634,-3,C
5861634,-4,0
5861634,-5,C
5861634,-6,1
5861634,-7,C
5861634,-8,0
5861634,-9,C
5861634,-10,0
5861634,-11,C
5861634,-12,C
5861634,-13,C
5780381,0,0
5780381,-1,C
5780381,-2,C
5780381,-3,C
5252026,0,0
5252026,-1,C
5252026,-2,0
5252026,-3,0
5252026,-4,C
5394957,0,X
5394957,-1,0
5394957,-2,0
5394957,-3,4
5394957,-4,C
5394957,-5,1
5394957,-6,C
5394957,-7,X
5394957,-8,0
5394957,-9,C
5394957,-10,C
5394957,-11,0
5394957,-12,C
5394957,-13,0
5394957,-14,0
5394957,-15,2
5542972,0,X
5542972,-1,0
5542972,-2,C
5542972,-3,C
5542972,-4,X
5648861,0,0
5648861,-1,X
5648861,-2,0
5648861,-3,0
5648861,-4,C
5648861,-5,X
5648861,-6,4
5648861,-7,0
5648861,-8,1
5648861,-9,0
5648861,-10,X
5298012,0,0
5298012,-1,0
5298012,-2,C
5298012,-3,X
5298012,-4,1
5298012,-5,X
5298012,-6,3
5298012,-7,0
5285675,0,C
5285675,-1,C
5285675,-2,C
5285675,-3,0
5285675,-4,0
5285675,-5,0
5285675,-6,1
5285675,-7,0
5285675,-8,0
5285675,-9,C
5285675,-10,0
5285675,-11,0
5285675,-12,C
5285675,-13,0
5285675,-14,0
5285675,-15,C
5285675,-16,0
5285675,-17,C
5285675,-18,0
5285675,-19,0
5285675,-20,0
5285675,-21,C
5285675,-22,C
5961338,0,0
5961338,-1,C
5961338,-2,0
5961338,-3,C
5961338,-4,C
5961338,-5,0
5961338,-6,X
5961338,-7,C
5961338,-8,0
5961338,-9,0
5961338,-10,C
5961338,-11,0
5961338,-12,0
5961338,-13,1
5961338,-14,C
5961338,-15,C
5961338,-16,0
5961338,-17,C
5961338,-18,0
5432371,0,X
5432371,-1,X
5432371,-2,C
5432371,-3,0
5432371,-4,0
5432371,-5,1
5432371,-6,0
5432371,-7,0
5432371,-8,0
5307798,0,X
5307798,-1,0
5307798,-2,X
5307798,-3,3
5307798,-4,0
5307798,-5,0
5307798,-6,X
5307798,-7,5
5307798,-8,0
5307798,-9,0
5373280,0,1
5373280,-1,5
5373280,-2,0
5373280,-3,C
5373280,-4,X
5373280,-5,C
5373280,-6,0
5373280,-7,C
5373280,-8,X
5373280,-9,C
5648368,0,C
5648368,-1,0
5648368,-2,X
5648368,-3,0
5648368,-4,C
5648368,-5,0
5648368,-6,X
5648368,-7,C
5648368,-8,C
5648368,-9,X
5648368,-10,1
5648368,-11,C
5648368,-12,0
5648368,-13,0
5648368,-14,X
5648368,-15,0
5049623,0,C
5049623,-1,3
5330566,0,0
5330566,-1,C
5330566,-2,C
5330566,-3,C
5580403,0,0
5148484,0,C
5148484,-1,X
5148484,-2,C
5148484,-3,0
5148484,-4,C
5696239,0,C
5696239,-1,0
5696239,-2,C
5696239,-3,0
5696239,-4,1
5696239,-5,0
5696239,-6,0
5696239,-7,X
5489113,0,1
5489113,-1,C
5489113,-2,C
5489113,-3,0
5489113,-4,X
5489113,-5,0
5489113,-6,C
5489113,-7,X
5489113,-8,C
5489113,-9,C
5489113,-10,C
5489113,-11,C
5489113,-12,0
5489113,-13,X
5489113,-14,0
5489113,-15,C
5489113,-16,0
5489113,-17,C
5489113,-18,0
5489113,-19,0
5964938,0,C
5964938,-1,X
5964938,-2,C
5964938,-3,C
5964938,-4,C
5352951,0,C
5352951,-1,C
5352951,-2,0
5352951,-3,C
5352951,-4,C
5352951,-5,2
5352951,-6,X
5352951,-7,0
5352951,-8,3
5352951,-9,0
5352951,-10,C
5352951,-11,C
5352951,-12,0
5352951,-13,0
5352951,-14,C
5352951,-15,0
5352951,-16,1
5352951,-17,C
5352951,-18,X
5214217,0,0
5214217,-1,X
5214217,-2,X
5214217,-3,C
5214217,-4,1
5214217,-5,0
5214217,-6,C
5214217,-7,1
5214217,-8,X
5214217,-9,C
5043274,0,C
5043274,-1,0
5043274,-2,C
5043274,-3,C
5043274,-4,0
5043274,-5,0
5043274,-6,C
5043274,-7,C
5043274,-8,0
5043274,-9,C
5043274,-10,3
5043274,-11,1
5043274,-12,C
5762639,0,X
5762639,-1,C
5762639,-2,0
5762639,-3,1
5762639,-4,0
5762639,-5,0
5762639,-6,0
5762639,-7,0
5762639,-8,X
5762639,-9,0
5762639,-10,C
5762639,-11,0
5762639,-12,0
5762639,-13,C
5762639,-14,C
5762639,-15,X
5762639,-16,C
5762639,-17,0
5480989,0,X
5480989,-1,0
5480989,-2,0
5480989,-3,0
5480989,-4,C
5480989,-5,0
5480989,-6,0
5480989,-7,C
5480989,-8,C
5480989,-9,C
5480989,-10,X
5480989,-11,C
5480989,-12,0
5480989,-13,X
5480989,-14,C
5125145,0,C
5125145,-1,1
5125145,-2,X
5125145,-3,X
5655616,0,0
5655616,-1,C
5655616,-2,C
5655616,-3,0
5655616,-4,0
5655616,-5,X
5522840,0,0
5522840,-1,0
5522840,-2,0
5522840,-3,0
5522840,-4,C
5522840,-5,C
5522840,-6,C
5522840,-7,C
5522840,-8,C
5522840,-9,0
5522840,-10,0
5696590,0,0
5696590,-1,0
5696590,-2,C
5696590,-3,C
5696590,-4,0
5696590,-5,C
5696590,-6,C
5696590,-7,0
5696590,-8,0
5696590,-9,1
5696590,-10,C
5696590,-11,0
5696590,-12,0
5696590,-13,C
5696590,-14,0
5696590,-15,0
5696590,-16,0
5696590,-17,C
5696590,-18,1
5696590,-19,C
5113387,0,C
5113387,-1,5
5113387,-2,C
5113387,-3,0
5113387,-4,C
5113387,-5,C
5113387,-6,0
5113387,-7,C
5113387,-8,0
5113387,-9,1
5113387,-10,X
5113387,-11,0
5590299,0,C
5590299,-1,0
5590299,-2,0
5590299,-3,C
5590299,-4,0
5590299,-5,0
5590299,-6,X
5590299,-7,0
5590299,-8,0
5590299,-9,0
5590299,-10,C
5590299,-11,0
5590299,-12,0
5696607,0,C
5696607,-1,0
5696607,-2,0
5696607,-3,C
5696607,-4,0
5696607,-5,X
5592287,0,0
5592287,-1,1
5592287,-2,4
5592287,-3,C
5592287,-4,0
5592287,-5,X
5592287,-6,C
5592287,-7,X
5592287,-8,X
5592287,-9,0
5592287,-10,X
5592287,-11,C
5592287,-12,C
5592287,-13,0
5592287,-14,X
5592287,-15,0
5340741,0,0
5340741,-1,5
5340741,-2,0
5340741,-3,0
5340741,-4,0
5340741,-5,0
5340741,-6,X
5340741,-7,C
5340741,-8,C
5184780,0,3
5184780,-1,C
5184780,-2,0
5184780,-3,0
5184780,-4,0
5184780,-5,X
5184780,-6,0
5184780,-7,3
5184780,-8,0
5723570,0,X
5723570,-1,0
5723570,-2,C
5723570,-3,C
5723570,-4,C
5723570,-5,0
5723570,-6,C
5723570,-7,0
5723570,-8,X
5723570,-9,C
5723570,-10,X
5723570,-11,C
5723570,-12,0
5723570,-13,C
5723570,-14,0
5723570,-15,C
5723570,-16,X
5723570,-17,0
5723570,-18,0
5723570,-19,X
5698252,0,C
5698252,-1,0
5698252,-2,0
5698252,-3,0
5698252,-4,C
5698252,-5,C
5698252,-6,0
5698252,-7,0
5698252,-8,C
5698252,-9,0
5698252,-10,C
5698252,-11,C
5698252,-12,0
5698252,-13,C
5948560,0,C
5948560,-1,0
5948560,-2,3
5948560,-3,0
5948560,-4,C
5948560,-5,0
5948560,-6,0
5948560,-7,C
5948560,-8,5
5948560,-9,C
5948560,-10,C
5948560,-11,X
5948560,-12,0
5948560,-13,1
5948560,-14,3
5948560,-15,0
5948560,-16,0
5948560,-17,0
5948560,-18,C
5948560,-19,0
5948560,-20,0
5948560,-21,C
5487424,0,0
5487424,-1,3
5487424,-2,X
5487424,-3,0
5487424,-4,X
5487424,-5,C
5487424,-6,C
5487424,-7,C
5487424,-8,0
5487424,-9,0
5487424,-10,0
5487424,-11,X
5487424,-12,0
5326075,0,4
5326075,-1,C
5326075,-2,C
5326075,-3,0
5326075,-4,C
5326075,-5,0
5326075,-6,C
5326075,-7,0
5326075,-8,3
5326075,-9,0
5326075,-10,C
5326075,-11,0
5326075,-12,C
5778659,0,C
5778659,-1,C
5778659,-2,C
5778659,-3,C
5778659,-4,0
5778659,-5,C
5778659,-6,0
5778659,-7,4
5661039,0,0
5661039,-1,0
5661039,-2,C
5661039,-3,C
5661039,-4,C
5661039,-5,0
5661039,-6,1
5661039,-7,X
5661039,-8,0
5661039,-9,C
5661039,-10,C
5661039,-11,C
5661039,-12,C
5661039,-13,C
5661039,-14,C
5661039,-15,C
5661039,-16,0
5661039,-17,0
5661039,-18,C
5661039,-19,1
5661039,-20,0
5661039,-21,C
5684660,0,X
5684660,-1,C
5684660,-2,1
5684660,-3,C
5684660,-4,C
5684660,-5,0
5684660,-6,C
5684660,-7,0
5684660,-8,C
5684660,-9,0
5684660,-10,0
5684660,-11,C
5013373,0,C
5013373,-1,0
5013373,-2,0
5013373,-3,C
5013373,-4,0
5013373,-5,0
5013373,-6,C
5013373,-7,X
5013373,-8,0
5995315,0,C
5995315,-1,C
5995315,-2,C
5995315,-3,0
5995315,-4,1
5995315,-5,X
5259361,0,0
5259361,-1,C
5259361,-2,C
5259361,-3,C
5259361,-4,0
5259361,-5,1
5259361,-6,C
5259361,-7,1
5259361,-8,0
5259361,-9,1
5259361,-10,X
5259361,-11,0
5259361,-12,C
5259361,-13,X
5737970,0,1
5737970,-1,C
5737970,-2,C
5737970,-3,X
5737970,-4,0
5737970,-5,0
5737970,-6,0
5737970,-7,C
5737970,-8,0
5737970,-9,0
5737970,-10,C
5737970,-11,0
5737970,-12,C
5708091,0,C
5708091,-1,C
5708091,-2,0
5708091,-3,0
5708091,-4,C
5708091,-5,X
5490877,0,C
5490877,-1,X
5490877,-2,0
5490877,-3,C
5490877,-4,0
5490877,-5,C
5490877,-6,1
5490877,-7,0
5490877,-8,C
5490877,-9,C
5490877,-10,C
5466439,0,1
5466439,-1,0
5466439,-2,C
5466439,-3,X
5466439,-4,0
5466439,-5,0
5466439,-6,X
5466439,-7,C
5466439,-8,C
5466439,-9,C
5466439,-10,X
5466439,-11,C
5466439,-12,C
5466439,-13,0
5466439,-14,C
5466439,-15,1
5466439,-16,C
5466439,-17,0
5466439,-18,0
5466439,-19,C
5466439,-20,0
5466439,-21,0
5944951,0,0
5944951,-1,C
5944951,-2,C
5944951,-3,C
5944951,-4,0
5944951,-5,0
5944951,-6,0
5944951,-7,0
5944951,-8,C
5944951,-9,0
5944951,-10,0
5944951,-11,C
5944951,-12,0
5944951,-13,C
5944951,-14,0
5944951,-15,0
5944951,-16,0
5944951,-17,C
5944951,-18,0
5944951,-19,0
5944951,-20,0
5944951,-21,C
5719756,0,X
5719756,-1,C
5719756,-2,0
5719756,-3,X
5719756,-4,C
5719756,-5,C
5719756,-6,C
5719756,-7,C
5719756,-8,C
5719756,-9,0
5134216,0,C
5134216,-1,0
5134216,-2,0
5134216,-3,C
5134216,-4,0
5134216,-5,0
5145154,0,4
5145154,-1,0
5145154,-2,1
5145154,-3,0
5145154,-4,0
5145154,-5,0
5145154,-6,C
5145154,-7,0
5145154,-8,C
5145154,-9,0
5145154,-10,C
5145154,-11,1
5145154,-12,0
5145154,-13,C
5145154,-14,1
5527356,0,C
5527356,-1,0
5527356,-2,0
5527356,-3,0
5527356,-4,0
5527356,-5,C
5527356,-6,0
5527356,-7,C
5527356,-8,0
5527356,-9,5
5527356,-10,C
5527356,-11,0
5527356,-12,0
5527356,-13,0
5527356,-14,0
5527356,-15,0
5527356,-16,X
5527356,-17,C
5652555,0,0
5652555,-1,0
5652555,-2,C
5652555,-3,0
5652555,-4,0
5652555,-5,0
5652555,-6,X
5652555,-7,0
5652555,-8,0
5652555,-9,X
5652555,-10,C
5652555,-11,0
5652555,-12,X
5652555,-13,C
5652555,-14,C
5792577,0,X
5792577,-1,X
5792577,-2,0
5792577,-3,C
5792577,-4,0
5792577,-5,2
5792577,-6,C
5792577,-7,X
5792577,-8,0
5792577,-9,0
5792577,-10,C
5792577,-11,X
5792577,-12,0
5792577,-13,C
5792577,-14,0
5792577,-15,0
5792577,-16,C
5792577,-17,C
5792577,-18,C
5792577,-19,0
5792577,-20,3
5965854,0,C
5304682,0,1
5304682,-1,0
5304682,-2,0
5304682,-3,C
5304682,-4,C
5304682,-5,C
5304682,-6,0
5304682,-7,2
5304682,-8,0
5304682,-9,X
5304682,-10,0
5304682,-11,0
5902072,0,0
5902072,-1,X
5602844,0,X
5602844,-1,0
5602844,-2,0
5602844,-3,C
5602844,-4,0
5602844,-5,0
5602844,-6,0
5602844,-7,0
5602844,-8,C
5602844,-9,C
5602844,-10,0
5602844,-11,0
5602844,-12,0
5602844,-13,0
5602844,-14,C
5813896,0,C
5813896,-1,5
5813896,-2,C
5813896,-3,0
5813896,-4,0
5813896,-5,0
5813896,-6,0
5813896,-7,0
5813896,-8,3
5813896,-9,C
5813896,-10,0
5813896,-11,C
5813896,-12,C
5813896,-13,0
5813896,-14,0
5813896,-15,0
5813896,-16,C
5813896,-17,0
5813896,-18,C
5813896,-19,X
5813896,-20,0
5728235,0,0
5728235,-1,0
5728235,-2,X
5728235,-3,C
5728235,-4,C
5728235,-5,X
5728235,-6,5
5728235,-7,5
5728235,-8,1
5728235,-9,C
5728235,-10,C
5728235,-11,0
5728235,-12,X
5728235,-13,C
5728235,-14,C
5728235,-15,C
5728235,-16,C
5630161,0,1
5789555,0,C
5789555,-1,0
5789555,-2,0
5789555,-3,C
5789555,-4,0
5789555,-5,0
5789555,-6,0
5789555,-7,C
5789555,-8,1
5789555,-9,C
5789555,-10,C
5789555,-11,0
5789555,-12,0
5789555,-13,C
5789555,-14,C
5789555,-15,C
5789555,-16,0
5762141,0,X
5762141,-1,0
5762141,-2,C
5762141,-3,0
5762141,-4,X
5762141,-5,0
5762141,-6,X
5762141,-7,X
5762141,-8,0
5762141,-9,X
5762141,-10,0
5762141,-11,C
5762141,-12,0
5602327,0,0
5602327,-1,C
5602327,-2,C
5602327,-3,0
5602327,-4,C
5602327,-5,C
5602327,-6,0
5602327,-7,C
5602327,-8,0
5602327,-9,C
5602327,-10,0
5602327,-11,0
5602327,-12,C
5602327,-13,C
5602327,-14,0
5602327,-15,C
5602327,-16,1
5602327,-17,0
5602327,-18,0
5602327,-19,0
5602327,-20,5
5858787,0,C
5858787,-1,C
5858787,-2,X
5858787,-3,0
5858787,-4,C
5858787,-5,0
5858787,-6,C
5858787,-7,0
5858787,-8,X
5858787,-9,X
5858787,-10,X
5858787,-11,X
5858787,-12,C
5858787,-13,C
5858787,-14,C
5858787,-15,C
5858787,-16,0
5858787,-17,C
5858787,-18,0
5385483,0,C
5385483,-1,0
5385483,-2,C
5385483,-3,X
5385483,-4,0
5474811,0,0
5474811,-1,1
5474811,-2,0
5474811,-3,C
5474811,-4,X
5474811,-5,0
5474811,-6,C
5474811,-7,C
5474811,-8,1
5474811,-9,0
5474811,-10,0
5474811,-11,C
5474811,-12,0
5474811,-13,0
5474811,-14,C
5474811,-15,0
5474811,-16,C
5474811,-17,3
5474811,-18,C
5474811,-19,C
5474811,-20,C
5550033,0,0
5550033,-1,C
5550033,-2,C
5550033,-3,C
5550033,-4,X
5550033,-5,0
5550033,-6,0
5550033,-7,0
5550033,-8,C
5550033,-9,0
5550033,-10,5
5550033,-11,C
5550033,-12,X
5550033,-13,0
5550033,-14,C
5550033,-15,5
5550033,-16,C
5550033,-17,0
5550033,-18,X
5573558,0,0
5573558,-1,0
5573558,-2,0
5573558,-3,5
5329038,0,C
5329038,-1,C
5329038,-2,C
5329038,-3,0
5329038,-4,C
5329038,-5,0
5329038,-6,2
5329038,-7,0
5329038,-8,0
5329038,-9,0
5329038,-10,C
5329038,-11,0
5329038,-12,0
5642788,0,0
5642788,-1,C
5642788,-2,0
5642788,-3,0
5642788,-4,C
5642788,-5,0
5642788,-6,0
5642788,-7,C
5642788,-8,0
5642788,-9,0
5642788,-10,X
5576649,0,0
5576649,-1,C
5576649,-2,X
5576649,-3,0
5576649,-4,C
5576649,-5,C
5576649,-6,C
5576649,-7,X
5576649,-8,0
5576649,-9,1
5576649,-10,0
5576649,-11,3
5576649,-12,X
5576649,-13,X
5576649,-14,0
5578365,0,C
5857348,0,0
5857348,-1,C
5857348,-2,0
5857348,-3,C
5857348,-4,C
5284921,0,0
5284921,-1,C
5284921,-2,0
5284921,-3,C
5284921,-4,0
5284921,-5,X
5284921,-6,4
5284921,-7,1
5284921,-8,X
5284921,-9,0
5284921,-10,X
5284921,-11,C
5284921,-12,C
5013996,0,C
5013996,-1,X
5013996,-2,0
5013996,-3,0
5013996,-4,0
5013996,-5,X
5013996,-6,C
5013996,-7,0
5013996,-8,4
5013996,-9,X
5013996,-10,0
5013996,-11,C
5013996,-12,0
5013996,-13,C
5013996,-14,C
5013996,-15,0
5013996,-16,0
5013996,-17,0
5013996,-18,0
5501169,0,C
5501169,-1,C
5018042,0,0
5018042,-1,0
5018042,-2,C
5018042,-3,0
5018042,-4,0
5018042,-5,0
5292258,0,C
5292258,-1,1
5292258,-2,0
5292258,-3,X
5292258,-4,C
5292258,-5,0
5292258,-6,4
5292258,-7,1
5292258,-8,0
5292258,-9,0
5292258,-10,C
5292258,-11,0
5292258,-12,0
5292258,-13,C
5292258,-14,0
5292258,-15,0
5292258,-16,C
5003918,0,C
5003918,-1,0
5003918,-2,0
5003918,-3,C
5003918,-4,1
5003918,-5,0
5003918,-6,C
5003918,-7,0
5003918,-8,C
5003918,-9,0
5003918,-10,C
5003918,-11,2
5003918,-12,C
5003918,-13,X
5003918,-14,1
5003918,-15,C
5003918,-16,0
5003918,-17,0
5003918,-18,C
5003918,-19,X
5003918,-20,C
5003918,-21,3
5014062,0,0
5014062,-1,X
5014062,-2,C
5014062,-3,C
5014062,-4,0
5014062,-5,C
5014062,-6,C
5014062,-7,2
5014062,-8,1
5014062,-9,C
5014062,-10,C
5014062,-11,C
5014062,-12,0
5014062,-13,0
5014062,-14,1
5014062,-15,0
5014062,-16,C
5817044,0,1
5817044,-1,C
5817044,-2,0
5817044,-3,0
5817044,-4,C
5817044,-5,1
5817044,-6,C
5817044,-7,C
5817044,-8,C
5817044,-9,C
5817044,-10,C
5817044,-11,C
5817044,-12,0
5817044,-13,C
5817044,-14,C
5817044,-15,0
5809181,0,C
5809181,-1,C
5809181,-2,C
5809181,-3,0
5809181,-4,2
5809181,-5,C
5809181,-6,C
5809181,-7,0
5809181,-8,0
5809181,-9,C
5809181,-10,C
5809181,-11,C
5403044,0,0
5403044,-1,0
5403044,-2,0
5627980,0,0
5627980,-1,0
5627980,-2,0
5627980,-3,0
5627980,-4,0
5627980,-5,C
5627980,-6,C
5384262,0,0
5384262,-1,0
5384262,-2,0
5384262,-3,C
5384262,-4,C
5384262,-5,0
5384262,-6,C
5384262,-7,0
5384262,-8,X
5384262,-9,C
5384262,-10,C
5384262,-11,0
5384262,-12,C
5384262,-13,C
5384262,-14,C
5384262,-15,C
5384262,-16,3
5384262,-17,0
5384262,-18,C
5384262,-19,0
5384262,-20,0
5384262,-21,0
5249054,0,C
5249054,-1,C
5249054,-2,C
5249054,-3,X
5249054,-4,C
5249054,-5,C
5249054,-6,0
5249054,-7,0
5249054,-8,C
5249054,-9,3
5249054,-10,C
5067298,0,0
5067298,-1,C
5067298,-2,C
5067298,-3,C
5067298,-4,C
5067298,-5,0
5067298,-6,0
5339778,0,C
5339778,-1,C
5339778,-2,3
5339778,-3,C
5339778,-4,C
5339778,-5,X
5339778,-6,X
5339778,-7,C
5339778,-8,0
5339778,-9,0
5339778,-10,0
5339778,-11,X
5339778,-12,0
5339778,-13,0
5853198,0,C
5853198,-1,0
5853198,-2,0
5853198,-3,C
5853198,-4,X
5853198,-5,0
5853198,-6,0
5853198,-7,C
5853198,-8,C
5853198,-9,0
5853198,-10,C
5853198,-11,C
5853198,-12,0
5853198,-13,0
5853198,-14,0
5171973,0,C
5171973,-1,3
5171973,-2,C
5171973,-3,C
5171973,-4,X
5171973,-5,C
5171973,-6,0
5171973,-7,C
5171973,-8,C
5171973,-9,0
5171973,-10,0
5171973,-11,0
5171973,-12,C
5171973,-13,C
5171973,-14,X
5171973,-15,C
5171973,-16,0
5330756,0,0
5330756,-1,0
5330756,-2,C
5330756,-3,C
5330756,-4,C
5330756,-5,0
5330756,-6,0
5330756,-7,C
5330756,-8,3
5330756,-9,C
5330756,-10,2
5330756,-11,0
5330756,-12,0
5330756,-13,C
5330756,-14,C
5330756,-15,X
5330756,-16,C
5313679,0,C
5313679,-1,X
5313679,-2,0
5313679,-3,C
5313679,-4,C
5313679,-5,C
5081095,0,C
5081095,-1,C
5081095,-2,X
5081095,-3,2
5081095,-4,0
5081095,-5,C
5081095,-6,0
5081095,-7,0
5081095,-8,0
5081095,-9,1
5081095,-10,0
5081095,-11,0
5081095,-12,C
5081095,-13,C
5081095,-14,0
5082748,0,0
5082748,-1,X
5082748,-2,X
5082748,-3,C
5082748,-4,C
5082748,-5,0
5082748,-6,C
5082748,-7,0
5082748,-8,C
5082748,-9,0
5082748,-10,C
5082748,-11,C
5082748,-12,0
5082748,-13,C
5139686,0,0
5139686,-1,C
5139686,-2,C
5139686,-3,C
5139686,-4,C
5139686,-5,X
5139686,-6,C
5139686,-7,0
5139686,-8,X
5139686,-9,1
5139686,-10,X
5139686,-11,0
5139686,-12,1
5139686,-13,C
5139686,-14,X
5139686,-15,C
5139686,-16,X
5139686,-17,0
5139686,-18,0
5139686,-19,0
5139686,-20,0
5139686,-21,0
5489619,0,C
5489619,-1,C
5489619,-2,C
5489619,-3,0
5489619,-4,0
5489619,-5,0
5489619,-6,0
5506531,0,0
5506531,-1,0
5506531,-2,0
5506531,-3,C
5506531,-4,C
5506531,-5,0
5506531,-6,C
5358723,0,0
5358723,-1,0
5358723,-2,0
5358723,-3,C
5358723,-4,C
5358723,-5,C
5358723,-6,X
5358723,-7,0
5358723,-8,C
5779454,0,0
5779454,-1,0
5779454,-2,0
5779454,-3,C
5779454,-4,0
5779454,-5,C
5779454,-6,C
5779454,-7,0
5779454,-8,0
5779454,-9,0
5779454,-10,C
5779454,-11,0
5779454,-12,0
5633777,0,0
5633777,-1,C
5633777,-2,X
5633777,-3,C
5633777,-4,C
5633777,-5,1
5633777,-6,X
5633777,-7,0
5633777,-8,0
5633777,-9,C
5633777,-10,1
5183513,0,0
5183513,-1,0
5183513,-2,C
5183513,-3,0
5183513,-4,C
5183513,-5,X
5183513,-6,X
5183513,-7,1
5183513,-8,C
5183513,-9,X
5033224,0,C
5033224,-1,0
5033224,-2,0
5033224,-3,1
5033224,-4,C
5033224,-5,0
5033224,-6,C
5033224,-7,C
5033224,-8,C
5033224,-9,C
5033224,-10,0
5567095,0,0
5567095,-1,C
5567095,-2,C
5567095,-3,X
5567095,-4,C
5567095,-5,1
5819653,0,X
5819653,-1,0
5819653,-2,0
5819653,-3,C
5653119,0,C
5182395,0,C
5182395,-1,0
5182395,-2,C
5182395,-3,5
5182395,-4,C
5182395,-5,0
5182395,-6,0
5182395,-7,0
5182395,-8,C
5182395,-9,C
5182395,-10,C
5182395,-11,0
5182395,-12,C
5182395,-13,C
5182395,-14,0
5182395,-15,0
5182395,-16,C
5182395,-17,X
5182395,-18,0
5182395,-19,X
5182395,-20,0
5182395,-21,C
5182395,-22,C
5182395,-23,C
5052402,0,C
5052402,-1,0
5052402,-2,0
5052402,-3,C
5052402,-4,C
5052402,-5,0
5052402,-6,0
5052402,-7,C
5052402,-8,C
5052402,-9,0
5052402,-10,C
5052402,-11,C
5052402,-12,0
5052402,-13,0
5052402,-14,0
5605877,0,X
5605877,-1,X
5605877,-2,X
5605877,-3,X
5605877,-4,0
5605877,-5,C
5605877,-6,C
5605877,-7,0
5605877,-8,X
5605877,-9,X
5605877,-10,1
5605877,-11,0
5605877,-12,0
5605877,-13,X
5605877,-14,C
5605877,-15,0
5605877,-16,X
5605877,-17,0
5605877,-18,0
5605877,-19,C
5505602,0,1
5505602,-1,C
5505602,-2,0
5505602,-3,0
5505602,-4,0
5505602,-5,C
5505602,-6,C
5505602,-7,X
5505602,-8,0
5505602,-9,C
5505602,-10,C
5505602,-11,C
5505602,-12,5
5505602,-13,0
5505602,-14,C
5505602,-15,X
5505602,-16,C
5505602,-17,C
5505602,-18,0
5505602,-19,0
5505602,-20,1
5505602,-21,2
5505602,-22,0
5127888,0,0
5127888,-1,0
5084894,0,0
5084894,-1,C
5084894,-2,0
5084894,-3,1
5084894,-4,0
5084894,-5,X
5084894,-6,0
5084894,-7,C
5084894,-8,0
5084894,-9,X
5084894,-10,C
5058835,0,0
5058835,-1,C
5510616,0,0
5510616,-1,0
5510616,-2,0
5510616,-3,C
5510616,-4,C
5510616,-5,0
5510616,-6,C
5510616,-7,C
5510616,-8,C
5510616,-9,0
5510616,-10,0
5510616,-11,C
5510616,-12,4
5510616,-13,0
5510616,-14,0
5217160,0,0
5217160,-1,0
5217160,-2,X
5217160,-3,0
5217160,-4,C
5217160,-5,C
5751171,0,C
5793421,0,X
5793421,-1,C
5793421,-2,C
5793421,-3,C
5793421,-4,0
5793421,-5,1
5793421,-6,0
5793421,-7,C
5793421,-8,0
5793421,-9,C
5793421,-10,X
5793421,-11,0
5793421,-12,4
5793421,-13,0
5793421,-14,X
5793421,-15,X
5742364,0,C
5423383,0,0
5423383,-1,X
5423383,-2,C
5423383,-3,0
5423383,-4,0
5423383,-5,0
5423383,-6,X
5408080,0,5
5151111,0,1
5151111,-1,X
5151111,-2,0
5151111,-3,C
5151111,-4,X
5151111,-5,C
5151111,-6,C
5151111,-7,C
5337357,0,C
5337357,-1,1
5337357,-2,C
5337357,-3,C
5337357,-4,C
5337357,-5,C
5337357,-6,C
5337357,-7,C
5337357,-8,0
5337357,-9,C
5337357,-10,C
5337357,-11,0
5337357,-12,0
5337357,-13,0
5337357,-14,0
5337357,-15,X
5337357,-16,0
5337357,-17,C
5512476,0,C
5512476,-1,0
5512476,-2,C
5512476,-3,C
5512476,-4,0
5273907,0,C
5273907,-1,C
5273907,-2,0
5273907,-3,C
5273907,-4,X
5273907,-5,0
5273907,-6,0
5273907,-7,C
5273907,-8,0
5273907,-9,0
5273907,-10,C
5273907,-11,0
5273907,-12,0
5273907,-13,C
5273907,-14,0
5273907,-15,0
5273907,-16,0
5273907,-17,0
5273907,-18,X
5273907,-19,0
5273907,-20,0
5273907,-21,C
5273907,-22,C
5273907,-23,C
5173546,0,C
5173546,-1,C
5173546,-2,C
5173546,-3,C
5173546,-4,1
5173546,-5,C
5173546,-6,4
5173546,-7,C
5173546,-8,X
5173546,-9,X
5173546,-10,3
5763198,0,0
5763198,-1,0
5763198,-2,C
5763198,-3,X
5763198,-4,0
5763198,-5,0
5763198,-6,X
5763198,-7,0
5763198,-8,2
5763198,-9,C
5763198,-10,0
5763198,-11,0
5763198,-12,C
5763198,-13,X
5763198,-14,0
5763198,-15,C
5763198,-16,C
5763198,-17,C
5763198,-18,C
5763198,-19,X
5763198,-20,X
5474533,0,0
5474533,-1,X
5474533,-2,X
5474533,-3,0
5474533,-4,0
5474533,-5,C
5474533,-6,C
5474533,-7,C
5474533,-8,X
5474533,-9,C
5474533,-10,0
5474533,-11,X
5474533,-12,C
5474533,-13,C
5474533,-14,X
5474533,-15,0
5474533,-16,3
5474533,-17,4
5474533,-18,C
5474533,-19,0
5474533,-20,C
5096436,0,1
5096436,-1,C
5096436,-2,1
5096436,-3,X
5096436,-4,0
5096436,-5,C
5096436,-6,0
5096436,-7,3
5096436,-8,0
5096436,-9,0
5096436,-10,0
5096436,-11,0
5096436,-12,2
5096436,-13,0
5096436,-14,C
5096436,-15,0
5096436,-16,0
5096436,-17,0
5456078,0,0
5456078,-1,C
5456078,-2,C
5456078,-3,0
5456078,-4,C
5456078,-5,0
5456078,-6,0
5456078,-7,C
5456078,-8,0
5456078,-9,0
5456078,-10,C
5456078,-11,C
5456078,-12,C
5456078,-13,C
5456078,-14,C
5456078,-15,X
5456078,-16,C
5456078,-17,C
5456078,-18,0
5456078,-19,1
5456078,-20,0
5456078,-21,0
5456078,-22,C
5456078,-23,C
5547703,0,C
5547703,-1,0
5547703,-2,0
5547703,-3,C
5547703,-4,0
5547703,-5,C
5547703,-6,C
5547703,-7,C
5138801,0,0
5198505,0,C
5198505,-1,C
5198505,-2,C
5198505,-3,0
5387672,0,0
5387672,-1,5
5939605,0,C
5939605,-1,1
5939605,-2,0
5939605,-3,0
5939605,-4,C
5939605,-5,0
5939605,-6,0
5939605,-7,1
5939605,-8,C
5939605,-9,C
5234036,0,C
5234036,-1,0
5234036,-2,C
5234036,-3,C
5234036,-4,X
5234036,-5,0
5234036,-6,0
5234036,-7,0
5234036,-8,X
5234036,-9,0
5234036,-10,0
5234036,-11,C
5234036,-12,C
5234036,-13,X
5234036,-14,C
5234036,-15,3
5785555,0,C
5785555,-1,0
5785555,-2,C
5785555,-3,0
5785555,-4,0
5785555,-5,C
5785555,-6,C
5785555,-7,C
5254292,0,C
5780364,0,0
5780364,-1,X
5780364,-2,C
5363263,0,0
5363263,-1,C
5363263,-2,0
5363263,-3,X
5363263,-4,C
5363263,-5,X
5363263,-6,0
5363263,-7,C
5363263,-8,3
5363263,-9,0
5363263,-10,0
5363263,-11,0
5363263,-12,0
5363263,-13,C
5363263,-14,C
5363263,-15,C
5363263,-16,X
5363263,-17,0
5363263,-18,C
5363263,-19,2
5136059,0,C
5136059,-1,0
5136059,-2,1
5136059,-3,C
5136059,-4,0
5136059,-5,C
5136059,-6,C
5136059,-7,0
5136059,-8,C
5136059,-9,C
5136059,-10,C
5136059,-11,0
5136059,-12,3
5136059,-13,C
5136059,-14,C
5136059,-15,0
5136059,-16,0
5136059,-17,0
5051564,0,C
5051564,-1,0
5051564,-2,C
5051564,-3,0
5051564,-4,0
5051564,-5,0
5051564,-6,C
5051564,-7,0
5051564,-8,X
5051564,-9,C
5051564,-10,C
5051564,-11,0
5051564,-12,0
5051564,-13,C
5051564,-14,0
5008717,0,5
5008717,-1,X
5008717,-2,X
5008717,-3,C
5008717,-4,C
5008717,-5,C
5008717,-6,3
5008717,-7,C
5008717,-8,0
5008717,-9,0
5008717,-10,C
5008717,-11,0
5008717,-12,C
5835419,0,0
5835419,-1,C
5835419,-2,C
5835419,-3,0
5835419,-4,0
5835419,-5,C
5835419,-6,C
5835419,-7,5
5835419,-8,0
5835419,-9,X
5835419,-10,0
5835419,-11,X
5835419,-12,C
5835419,-13,C
5835419,-14,0
5835419,-15,C
5835419,-16,C
5835419,-17,C
5835419,-18,0
5835419,-19,0
5835419,-20,C
5835419,-21,C
5835419,-22,C
5771749,0,0
5771749,-1,0
5771749,-2,C
5771749,-3,0
5771749,-4,0
5771749,-5,5
5771749,-6,C
5771749,-7,X
5771749,-8,0
5771749,-9,C
5771749,-10,0
5771749,-11,0
5771749,-12,0
5771749,-13,X
5771749,-14,C
5771749,-15,C
5771749,-16,0
5771749,-17,C
5771749,-18,0
5771749,-19,C
5771749,-20,0
5778958,0,0
5778958,-1,C
5778958,-2,C
5778958,-3,C
5778958,-4,0
5864372,0,C
5864372,-1,0
5864372,-2,0
5864372,-3,C
5864372,-4,C
5864372,-5,X
5864372,-6,C
5864372,-7,C
5864372,-8,0
5864372,-9,C
5864372,-10,C
5864372,-11,0
5864372,-12,3
5086459,0,C
5086459,-1,0
5086459,-2,0
5086459,-3,C
5086459,-4,C
5086459,-5,C
5086459,-6,0
5086459,-7,X
5086459,-8,0
5086459,-9,0
5086459,-10,0
5086459,-11,X
5257326,0,X
5257326,-1,C
5257326,-2,X
5257326,-3,C
5257326,-4,0
5257326,-5,C
5257326,-6,X
5257326,-7,2
5257326,-8,0
5257326,-9,C
5130277,0,C
5130277,-1,0
5130277,-2,0
5130277,-3,0
5130277,-4,0
5130277,-5,0
5130277,-6,4
5130277,-7,X
5947556,0,0
5947556,-1,C
5947556,-2,0
5947556,-3,2
5182431,0,0
5182431,-1,0
5182431,-2,C
5182431,-3,X
5182431,-4,0
5182431,-5,0
5182431,-6,C
5182431,-7,C
5182431,-8,C
5182431,-9,C
5182431,-10,X
5092376,0,0
5092376,-1,0
5092376,-2,0
5092376,-3,C
5092376,-4,X
5092376,-5,0
5092376,-6,C
5971065,0,X
5971065,-1,C
5971065,-2,X
5393608,0,0
5393608,-1,C
5393608,-2,C
5393608,-3,C
5393608,-4,0
5393608,-5,0
5393608,-6,C
5393608,-7,X
5393608,-8,C
5393608,-9,0
5105758,0,0
5105758,-1,0
5105758,-2,1
5105758,-3,C
5105758,-4,1
5105758,-5,0
5105758,-6,0
5105758,-7,X
5105758,-8,0
5105758,-9,C
5105758,-10,1
5105758,-11,C
5105758,-12,0
5105758,-13,0
5105758,-14,X
5494034,0,0
5494034,-1,1
5494034,-2,0
5494034,-3,0
5494034,-4,C
5494034,-5,C
5494034,-6,C
5494034,-7,X
5494034,-8,X
5494034,-9,3
5494034,-10,C
5494034,-11,0
5494034,-12,C
5494034,-13,C
5494034,-14,C
5494034,-15,X
5494034,-16,0
5494034,-17,C
5494034,-18,C
5494034,-19,X
5494034,-20,C
5287574,0,0
5287574,-1,0
5287574,-2,0
5287574,-3,4
5287574,-4,C
5287574,-5,1
5287574,-6,C
5287574,-7,0
5287574,-8,0
5287574,-9,0
5287574,-10,0
5287574,-11,C
5920623,0,0
5920623,-1,0
5920623,-2,X
5920623,-3,0
5920623,-4,C
5920623,-5,C
5920623,-6,0
5920623,-7,C
5920623,-8,C
5920623,-9,C
5920623,-10,0
5920623,-11,0
5920623,-12,C
5920623,-13,C
5920623,-14,C
5920623,-15,0
5920623,-16,0
5920623,-17,C
5116592,0,C
5116592,-1,C
5116592,-2,X
5116592,-3,C
5116592,-4,C
5116592,-5,1
5116592,-6,C
5116592,-7,0
5116592,-8,0
5116592,-9,1
5116592,-10,C
5116592,-11,0
5116592,-12,0
5116592,-13,0
5116592,-14,C
5116592,-15,0
5116592,-16,C
5116592,-17,0
5116592,-18,0
5116592,-19,C
5116592,-20,X
5116592,-21,C
5116592,-22,0
5116592,-23,C
5924238,0,0
5924238,-1,0
5924238,-2,0
5924238,-3,0
5924238,-4,0
5924238,-5,1
5924238,-6,0
5924238,-7,0
5924238,-8,C
5924238,-9,0
5924238,-10,C
5924238,-11,2
5924238,-12,1
5924238,-13,X
5305340,0,C
5305340,-1,0
5305340,-2,C
5305340,-3,C
5305340,-4,C
5305340,-5,C
5305340,-6,C
5305340,-7,C
5305340,-8,0
5305340,-9,0
5305340,-10,C
5305340,-11,C
5305340,-12,C
5305340,-13,1
5305340,-14,0
5305340,-15,C
5305340,-16,0
5305340,-17,1
5305340,-18,0
5305340,-19,5
5305340,-20,1
5305340,-21,0
5305340,-22,1
5305340,-23,X
5057393,0,C
5057393,-1,C
5467427,0,0
5467427,-1,C
5467427,-2,X
5467427,-3,0
5467427,-4,0
5467427,-5,0
5467427,-6,C
5467427,-7,1
5467427,-8,0
5467427,-9,0
5467427,-10,0
5467427,-11,X
5467427,-12,0
5467427,-13,X
5752403,0,0
5752403,-1,C
5752403,-2,0
5752403,-3,C
5752403,-4,0
5752403,-5,C
5752403,-6,0
5752403,-7,C
5752403,-8,C
5752403,-9,C
5752403,-10,0
5752403,-11,0
5752403,-12,C
5752403,-13,0
5752403,-14,0
5752403,-15,1
5752403,-16,0
5752403,-17,0
5752403,-18,X
5752403,-19,X
5752403,-20,X
5752403,-21,3
5999560,0,C
5999560,-1,C
5999560,-2,0
5999560,-3,X
5999560,-4,1
5999560,-5,5
5999560,-6,C
5999560,-7,X
5340825,0,C
5340825,-1,1
5340825,-2,C
5037915,0,C
5037915,-1,0
5037915,-2,C
5037915,-3,0
5037915,-4,0
5037915,-5,C
5037915,-6,3
5037915,-7,C
5037915,-8,C
5037915,-9,C
5037915,-10,5
5037915,-11,1
5037915,-12,C
5037915,-13,X
5037915,-14,5
5037915,-15,0
5037915,-16,0
5037915,-17,X
5037915,-18,1
5037915,-19,X
5037915,-20,0
5681605,0,X
5681605,-1,C
5681605,-2,C
5681605,-3,1
5681605,-4,X
5681605,-5,0
5585984,0,0
5585984,-1,C
5585984,-2,C
5585984,-3,0
5585984,-4,0
5585984,-5,C
5585984,-6,0
5585984,-7,C
5585984,-8,X
5585984,-9,X
5585984,-10,0
5585984,-11,C
5585984,-12,0
5585984,-13,C
5585984,-14,0
5918230,0,C
5918230,-1,X
5918230,-2,0
5918230,-3,1
5918230,-4,C
5918230,-5,0
5918230,-6,0
5918230,-7,0
5918230,-8,C
5918230,-9,C
5918230,-10,C
5918230,-11,C
5918230,-12,1
5918230,-13,0
5918230,-14,0
5806084,0,0
5806084,-1,C
5806084,-2,X
5806084,-3,0
5806084,-4,0
5806084,-5,5
5806084,-6,0
5806084,-7,C
5806084,-8,1
5806084,-9,0
5806084,-10,0
5806084,-11,C
5806084,-12,C
5806084,-13,0
5806084,-14,0
5806084,-15,0
5806084,-16,0
5717036,0,0
5717036,-1,0
5717036,-2,0
5717036,-3,X
5717036,-4,0
5717036,-5,0
5717036,-6,C
5717036,-7,0
5649112,0,1
5649112,-1,0
5649112,-2,C
5649112,-3,0
5649112,-4,0
5649112,-5,0
5649112,-6,1
5649112,-7,1
5649112,-8,C
5649112,-9,C
5649112,-10,C
5649112,-11,C
5649112,-12,C
5455034,0,C
5455034,-1,C
5455034,-2,C
5455034,-3,0
5455034,-4,0
5455034,-5,0
5455034,-6,X
5455034,-7,X
5166473,0,0
5166473,-1,0
5166473,-2,C
5166473,-3,0
5166473,-4,0
5166473,-5,X
5166473,-6,C
5166473,-7,0
5166473,-8,0
5646512,0,0
5646512,-1,X
5646512,-2,C
5646512,-3,C
5646512,-4,0
5337830,0,0
5337830,-1,C
5337830,-2,0
5337830,-3,C
5337830,-4,0
5337830,-5,C
5337830,-6,X
5337830,-7,0
5030375,0,C
5030375,-1,C
5030375,-2,X
5030375,-3,C
5030375,-4,0
5030375,-5,C
5064290,0,3
5064290,-1,C
5064290,-2,0
5064290,-3,0
5064290,-4,1
5064290,-5,0
5064290,-6,C
5064290,-7,C
5064290,-8,3
5064290,-9,0
5064290,-10,0
5064290,-11,0
5064290,-12,0
5064290,-13,0
5064290,-14,0
5064290,-15,C
5405715,0,C
5405715,-1,0
5405715,-2,0
5405715,-3,0
5405715,-4,1
5405715,-5,0
5139427,0,0
5139427,-1,0
5139427,-2,C
5139427,-3,C
5139427,-4,C
5139427,-5,0
5507442,0,0
5507442,-1,X
5132693,0,0
5132693,-1,0
5132693,-2,0
5132693,-3,0
5132693,-4,C
5132693,-5,0
5132693,-6,C
5132693,-7,C
5132693,-8,1
5132693,-9,0
5132693,-10,C
5132693,-11,0
5132693,-12,C
5132693,-13,0
5132693,-14,C
5936791,0,C
5936791,-1,C
5936791,-2,0
5936791,-3,C
5936791,-4,X
5936791,-5,3
5936791,-6,0
5936791,-7,5
5936791,-8,C
5936791,-9,0
5936791,-10,0
5936791,-11,0
5513268,0,0
5513268,-1,0
5513268,-2,X
5513268,-3,0
5513268,-4,C
5513268,-5,X
5513268,-6,0
5513268,-7,C
5513268,-8,C
5513268,-9,C
5513268,-10,C
5742336,0,C
5742336,-1,0
5742336,-2,0
5742336,-3,C
5742336,-4,C
5742336,-5,0
5742336,-6,X
5742336,-7,C
5742336,-8,0
5742336,-9,C
5742336,-10,1
5742336,-11,C
5742336,-12,C
5742336,-13,0
5742336,-14,C
5742336,-15,C
5742336,-16,C
5742336,-17,C
5742336,-18,0
5742336,-19,0
5742336,-20,C
5742336,-21,0
5742336,-22,C
5742336,-23,C
5721135,0,C
5721135,-1,0
5721135,-2,C
5721135,-3,C
5721135,-4,X
5751313,0,C
5751313,-1,C
5751313,-2,C
5751313,-3,2
5751313,-4,0
5751313,-5,0
5751313,-6,C
5751313,-7,5
5751313,-8,C
5751313,-9,0
5751313,-10,C
5751313,-11,0
5751313,-12,C
5751313,-13,1
5751313,-14,1
5751313,-15,C
5751313,-16,X
5751313,-17,C
5751313,-18,C
5751313,-19,C
5166877,0,0
5166877,-1,C
5166877,-2,0
5166877,-3,C
5023285,0,C
5023285,-1,0
5023285,-2,X
5023285,-3,C
5510044,0,C
5253943,0,C
5253943,-1,C
5253943,-2,1
5903553,0,4
5903553,-1,C
5903553,-2,X
5903553,-3,C
5903553,-4,0
5903553,-5,X
5903553,-6,1
5903553,-7,C
5903553,-8,C
5903553,-9,C
5903553,-10,0
5903553,-11,C
5903553,-12,1
5903553,-13,C
5903553,-14,0
5903553,-15,1
5903553,-16,0
5903553,-17,C
5903553,-18,0
5903553,-19,C
5903553,-20,0
5903553,-21,0
5166604,0,C
5166604,-1,X
5166604,-2,0
5166604,-3,C
5166604,-4,C
5166604,-5,0
5166604,-6,C
5166604,-7,5
5166604,-8,C
5158683,0,0
5158683,-1,C
5158683,-2,C
5158683,-3,0
5158683,-4,C
5158683,-5,C
5158683,-6,1
5158683,-7,0
5158683,-8,C
5158683,-9,C
5158683,-10,0
5158683,-11,C
5158683,-12,C
5158683,-13,C
5158683,-14,C
5395978,0,0
5395978,-1,C
5395978,-2,C
5395978,-3,0
5395978,-4,0
5395978,-5,C
5395978,-6,5
5395978,-7,C
5395978,-8,C
5395978,-9,0
5395978,-10,0
5395978,-11,0
5395978,-12,0
5395978,-13,0
5395978,-14,0
5395978,-15,0
5395978,-16,0
5395978,-17,0
5395978,-18,C
5009954,0,0
5009954,-1,5
5009954,-2,C
5009954,-3,C
5009954,-4,0
5009954,-5,C
5009954,-6,0
5009954,-7,C
5009954,-8,C
5009954,-9,C
5009954,-10,C
5009954,-11,0
5009954,-12,0
5009954,-13,C
5009954,-14,C
5855214,0,C
5630091,0,C
5630091,-1,0
5630091,-2,0
5630091,-3,C
5630091,-4,C
5630091,-5,0
5630091,-6,1
5630091,-7,C
5630091,-8,C
5630091,-9,C
5630091,-10,5
5630091,-11,0
5630091,-12,2
5630091,-13,1
5630091,-14,0
5630091,-15,0
5630091,-16,0
5630091,-17,C
5630091,-18,0
5630091,-19,1
5761263,0,X
5108149,0,0
5108149,-1,0
5108149,-2,0
5108149,-3,X
5108149,-4,0
5108149,-5,X
5108149,-6,C
5108149,-7,0
5349138,0,X
5349138,-1,0
5349138,-2,0
5349138,-3,C
5349138,-4,0
5349138,-5,C
5987780,0,0
5987780,-1,C
5987780,-2,0
5987780,-3,C
5987780,-4,0
5987780,-5,C
5987780,-6,0
5987780,-7,C
5987780,-8,X
5987780,-9,C
5987780,-10,X
5987780,-11,C
5987780,-12,0
5987780,-13,0
5987780,-14,0
5987780,-15,C
5987780,-16,0
5987780,-17,0
5987780,-18,C
5987780,-19,X
5987780,-20,C
5987780,-21,C
5987780,-22,1
5987780,-23,C
5804754,0,0
5804754,-1,C
5804754,-2,1
5804754,-3,C
5804754,-4,0
5804754,-5,C
5804754,-6,C
5804754,-7,X
5804754,-8,0
5804754,-9,C
5804754,-10,X
5804754,-11,C
5804754,-12,0
5804754,-13,X
5804754,-14,0
5804754,-15,X
5804754,-16,C
5804754,-17,0
5804754,-18,C
5804754,-19,0
5804754,-20,C
5804754,-21,X
5332468,0,X
5332468,-1,C
5332468,-2,C
5332468,-3,0
5332468,-4,C
5332468,-5,X
5332468,-6,0
5332468,-7,C
5332468,-8,0
5332468,-9,C
5332468,-10,C
5332468,-11,0
5332468,-12,4
5332468,-13,1
5332468,-14,0
5332468,-15,X
5629264,0,0
5629264,-1,X
5629264,-2,0
5629264,-3,C
5566363,0,C
5566363,-1,4
5566363,-2,C
5566363,-3,0
5566363,-4,X
5566363,-5,0
5566363,-6,C
5566363,-7,4
5566363,-8,C
5566363,-9,C
5566363,-10,C
5566363,-11,0
5566363,-12,C
5566363,-13,0
5566363,-14,X
5566363,-15,0
5566363,-16,C
5566363,-17,0
5566363,-18,C
5566363,-19,X
5566363,-20,C
5577929,0,1
5577929,-1,X
5577929,-2,C
5577929,-3,0
5577929,-4,C
5577929,-5,C
5577929,-6,C
5577929,-7,C
5577929,-8,C
5577929,-9,0
5577929,-10,C
5577929,-11,0
5001710,0,C
5001710,-1,0
5001710,-2,C
5001710,-3,C
5001710,-4,0
5001710,-5,0
5001710,-6,C
5001710,-7,0
5001710,-8,0
5001710,-9,1
5001710,-10,0
5001710,-11,X
5001710,-12,C
5001710,-13,C
5001710,-14,C
5001710,-15,X
5001710,-16,C
5001710,-17,0
5001710,-18,0
5001710,-19,0
5001710,-20,C
5001710,-21,C
5001710,-22,C
5499234,0,C
5499234,-1,C
5499234,-2,0
5499234,-3,C
5499234,-4,0
5499234,-5,C
5043754,0,C
5043754,-1,0
5043754,-2,X
5043754,-3,C
5043754,-4,1
5043754,-5,0
5043754,-6,X
5043754,-7,0
5043754,-8,C
5043754,-9,1
5043754,-10,0
5043754,-11,5
5043754,-12,0
5738690,0,C
5738690,-1,C
5738690,-2,C
5738690,-3,0
5738690,-4,1
5738690,-5,C
5738690,-6,C
5738690,-7,0
5738690,-8,C
5738690,-9,1
5738690,-10,0
5738690,-11,X
5738690,-12,C
5738690,-13,C
5738690,-14,0
5738690,-15,0
5738690,-16,4
5738690,-17,0
5521180,0,C
5521180,-1,C
5521180,-2,X
5521180,-3,C
5521180,-4,C
5521180,-5,0
5521180,-6,C
5906538,0,X
5988204,0,X
5988204,-1,C
5988204,-2,C
5988204,-3,0
5988204,-4,5
5988204,-5,0
5988204,-6,5
5988204,-7,1
5988204,-8,C
5671354,0,C
5671354,-1,0
5671354,-2,0
5671354,-3,C
5671354,-4,0
5671354,-5,C
5671354,-6,C
5671354,-7,0
5964597,0,4
5964597,-1,X
5964597,-2,C
5964597,-3,C
5964597,-4,X
5964597,-5,C
5964597,-6,0
5917988,0,3
5917988,-1,0
5917988,-2,C
5917988,-3,0
5917988,-4,0
5917988,-5,C
5917988,-6,1
5917988,-7,0
5917988,-8,C
5917988,-9,X
5917988,-10,0
5917988,-11,0
5917988,-12,1
5917988,-13,C
5917988,-14,0
5917988,-15,1
5370958,0,C
5370958,-1,0
5370958,-2,0
5370958,-3,3
5370958,-4,0
5370958,-5,0
5370958,-6,C
5370958,-7,C
5370958,-8,C
5370958,-9,C
5370958,-10,C
5370958,-11,0
5370958,-12,0
5370958,-13,X
5277800,0,0
5277800,-1,C
5277800,-2,X
5277800,-3,C
5277800,-4,C
5277800,-5,X
5277800,-6,C
5277800,-7,C
5277800,-8,0
5277800,-9,X
5277800,-10,0
5277800,-11,0
5277800,-12,C
5277800,-13,0
5277800,-14,C
5277800,-15,X
5277800,-16,C
5277800,-17,0
5277800,-18,C
5277800,-19,C
5277800,-20,0
5277800,-21,C
5277800,-22,0
5277800,-23,0
5775108,0,C
5775108,-1,C
5775108,-2,C
5775108,-3,C
5775108,-4,0
5775108,-5,C
5775108,-6,0
5775108,-7,C
5775108,-8,C
5775108,-9,0
5133717,0,C
5133717,-1,0
5133717,-2,0
5133717,-3,0
5133717,-4,C
5133717,-5,0
5133717,-6,0
5133717,-7,C
5133717,-8,C
5133717,-9,0
5133717,-10,0
5003726,0,1
5003726,-1,2
5003726,-2,X
5003726,-3,C
5003726,-4,C
5003726,-5,C
5003726,-6,C
5003726,-7,0
5003726,-8,0
5003726,-9,C
5003726,-10,C
5107756,0,1
5107756,-1,0
5107756,-2,0
5107756,-3,C
5107756,-4,1
5107756,-5,C
5107756,-6,5
5107756,-7,0
5107756,-8,C
5107756,-9,0
5107756,-10,0
5107756,-11,0
5804834,0,0
5804834,-1,0
5804834,-2,C
5804834,-3,0
5804834,-4,0
5804834,-5,X
5804834,-6,0
5804834,-7,C
5804834,-8,C
5804834,-9,0
5329181,0,C
5329181,-1,0
5329181,-2,0
5329181,-3,X
5329181,-4,0
5329181,-5,C
5329181,-6,X
5329181,-7,C
5329181,-8,0
5329181,-9,C
5934074,0,0
5934074,-1,0
5510676,0,0
5510676,-1,X
5510676,-2,C
5510676,-3,X
5510676,-4,X
5510676,-5,C
5510676,-6,X
5510676,-7,0
5510676,-8,0
5510676,-9,0
5510676,-10,0
5510676,-11,0
5510676,-12,C
5510676,-13,X
5510676,-14,0
5510676,-15,5
5510676,-16,C
5510676,-17,C
5510676,-18,C
5510676,-19,0
5949428,0,X
5949428,-1,C
5949428,-2,0
5949428,-3,C
5949428,-4,C
5949428,-5,0
5949428,-6,0
5949428,-7,X
5949428,-8,0
5949428,-9,0
5204139,0,C
5204139,-1,C
5204139,-2,X
5204139,-3,0
5204139,-4,C
5204139,-5,X
5204139,-6,C
5204139,-7,C
5204139,-8,0
5204139,-9,X
5204139,-10,X
5204139,-11,C
5204139,-12,C
5204139,-13,C
5204139,-14,0
5204139,-15,1
5204139,-16,0
5185913,0,0
5185913,-1,0
5942741,0,C
5942741,-1,C
5942741,-2,C
5942741,-3,0
5942741,-4,0
5942741,-5,0
5942741,-6,C
5942741,-7,X
5942741,-8,0
5942741,-9,C
5892518,0,C
5892518,-1,0
5892518,-2,C
5892518,-3,0
5892518,-4,0
5892518,-5,C
5892518,-6,C
5892518,-7,0
5892518,-8,C
5892518,-9,0
5892518,-10,0
5892518,-11,C
5892518,-12,0
5324914,0,X
5324914,-1,0
5324914,-2,X
5324914,-3,C
5840745,0,0
5840745,-1,C
5840745,-2,C
5840745,-3,5
5840745,-4,0
5840745,-5,0
5840745,-6,0
5840745,-7,0
5840745,-8,0
5840745,-9,X
5840745,-10,C
5840745,-11,C
5840745,-12,C
5840745,-13,C
5583340,0,C
5583340,-1,0
5583340,-2,C
5583340,-3,0
5583340,-4,C
5583340,-5,0
5583340,-6,C
5583340,-7,1
5583340,-8,C
5583340,-9,3
5583340,-10,X
5583340,-11,0
5583340,-12,0
5583340,-13,C
5583340,-14,0
5583340,-15,X
5583340,-16,C
5583340,-17,C
5583340,-18,X
5583340,-19,0
5583340,-20,0
5583340,-21,C
5583340,-22,C
5583340,-23,C
5245761,0,4
5245761,-1,C
5245761,-2,0
5245761,-3,4
5245761,-4,C
5245761,-5,C
5245761,-6,X
5245761,-7,0
5245761,-8,0
5245761,-9,C
5245761,-10,X
5245761,-11,0
5245761,-12,0
5863830,0,C
5863830,-1,C
5863830,-2,X
5863830,-3,0
5241721,0,C
5590347,0,0
5590347,-1,0
5590347,-2,0
5590347,-3,X
5590347,-4,0
5590347,-5,C
5590347,-6,C
5590347,-7,0
5542038,0,C
5542038,-1,0
5542038,-2,C
5542038,-3,0
5980219,0,1
5980219,-1,C
5980219,-2,C
5980219,-3,C
5980219,-4,0
5980219,-5,1
5980219,-6,C
5980219,-7,X
5980219,-8,0
5980219,-9,0
5980219,-10,C
5980219,-11,0
5980219,-12,0
5980219,-13,0
5980219,-14,0
5980219,-15,C
5980219,-16,X
5200078,0,C
5200078,-1,0
5200078,-2,0
5200078,-3,X
5200078,-4,0
5200078,-5,0
5200078,-6,0
5200078,-7,0
5200078,-8,C
5200078,-9,1
5200078,-10,0
5200078,-11,C
5067079,0,0
5067079,-1,0
5067079,-2,0
5067079,-3,C
5067079,-4,C
5067079,-5,0
5067079,-6,X
5067079,-7,C
5067079,-8,C
5630214,0,4
5630214,-1,0
5630214,-2,0
5630214,-3,1
5630214,-4,C
5630214,-5,0
5630214,-6,1
5630214,-7,C
5630214,-8,X
5630214,-9,0
5630214,-10,C
5630214,-11,0
5630214,-12,C
5630214,-13,X
5630214,-14,C
5630214,-15,0
5630214,-16,0
5630214,-17,0
5630214,-18,C
5630214,-19,C
5630214,-20,2
5630214,-21,C
5651872,0,1
5651872,-1,C
5651872,-2,0
5651872,-3,C
5651872,-4,0
5651872,-5,2
5651872,-6,1
5651872,-7,0
5651872,-8,0
5171562,0,0
5606023,0,0
5606023,-1,X
5606023,-2,0
5606023,-3,C
5606023,-4,0
5606023,-5,0
5446193,0,0
5446193,-1,0
5446193,-2,X
5446193,-3,C
5446193,-4,0
5446193,-5,5
5446193,-6,0
5446193,-7,1
5446193,-8,0
5446193,-9,C
5446193,-10,0
5446193,-11,0
5446193,-12,0
5446193,-13,C
5446193,-14,0
5446193,-15,C
5446193,-16,5
5446193,-17,C
5446193,-18,5
5031480,0,X
5031480,-1,C
5031480,-2,0
5031480,-3,C
5031480,-4,0
5031480,-5,3
5031480,-6,C
5031480,-7,0
5031480,-8,C
5031480,-9,0
5031480,-10,0
5031480,-11,0
5031480,-12,0
5031480,-13,C
5031480,-14,0
5031480,-15,0
5031480,-16,C
5014930,0,0
5014930,-1,C
5014930,-2,0
5014930,-3,0
5913465,0,C
5913465,-1,C
5913465,-2,0
5913465,-3,0
5913465,-4,C
5913465,-5,C
5913465,-6,X
5913465,-7,0
5913465,-8,C
5913465,-9,C
5913465,-10,0
5913465,-11,C
5913465,-12,C
5913465,-13,C
5913465,-14,C
5913465,-15,C
5913465,-16,0
5940968,0,C
5940968,-1,4
5940968,-2,0
5940968,-3,C
5940968,-4,X
5940968,-5,0
5940968,-6,C
5940968,-7,C
5940968,-8,4
5940968,-9,0
5940968,-10,0
5940968,-11,4
5940968,-12,C
5940968,-13,0
5940968,-14,C
5940968,-15,C
5940968,-16,X
5940968,-17,X
5940968,-18,0
5940968,-19,0
5940968,-20,X
5940968,-21,0
5940968,-22,0
5337637,0,3
5337637,-1,C
5337637,-2,0
5337637,-3,0
5337637,-4,0
5337637,-5,0
5337637,-6,0
5337637,-7,2
5337637,-8,0
5337637,-9,0
5337637,-10,2
5337637,-11,C
5337637,-12,0
5337637,-13,0
5337637,-14,2
5337637,-15,0
5337637,-16,0
5337637,-17,C
5337637,-18,0
5337637,-19,0
5337637,-20,X
5023673,0,X
5023673,-1,C
5023673,-2,C
5023673,-3,C
5023673,-4,0
5023673,-5,0
5023673,-6,C
5023673,-7,0
5023673,-8,0
5023673,-9,0
5023673,-10,C
5023673,-11,X
5023673,-12,0
5023673,-13,1
5720397,0,X
5720397,-1,C
5060540,0,0
5060540,-1,0
5060540,-2,C
5060540,-3,0
5060540,-4,1
5060540,-5,X
5060540,-6,X
5060540,-7,X
5060540,-8,2
5060540,-9,X
5060540,-10,0
5060540,-11,0
5060540,-12,C
5060540,-13,0
5060540,-14,C
5060540,-15,0
5422425,0,C
5422425,-1,C
5422425,-2,C
5422425,-3,C
5422425,-4,0
5422425,-5,3
5422425,-6,C
5422425,-7,C
5422425,-8,1
5422425,-9,0
5422425,-10,0
5422425,-11,0
5422425,-12,0
5422425,-13,0
5422425,-14,C
5422425,-15,C
5178034,0,C
5178034,-1,2
5318064,0,0
5318064,-1,0
5318064,-2,X
5318064,-3,C
5318064,-4,0
5318064,-5,0
5318064,-6,X
5318064,-7,C
5318064,-8,C
5318064,-9,X
5318064,-10,0
5318064,-11,1
5318064,-12,C
5318064,-13,X
5318064,-14,C
5960456,0,C
5960456,-1,C
5960456,-2,0
5960456,-3,C
5960456,-4,1
5960456,-5,0
5960456,-6,C
5960456,-7,3
5960456,-8,0
5960456,-9,C
5597279,0,X
5597279,-1,X
5597279,-2,1
5597279,-3,C
5597279,-4,3
5240651,0,C
5240651,-1,C
5240651,-2,0
5240651,-3,0
5240651,-4,0
5240651,-5,C
5240651,-6,C
5240651,-7,X
5240651,-8,0
5240651,-9,0
5240651,-10,4
5240651,-11,C
5860508,0,C
5860508,-1,0
5860508,-2,0
5860508,-3,C
5860508,-4,C
5860508,-5,0
5860508,-6,C
5860508,-7,C
5860508,-8,3
5860508,-9,3
5860508,-10,X
5860508,-11,C
5860508,-12,0
5860508,-13,2
5860508,-14,1
5860508,-15,1
5860508,-16,C
5860508,-17,C
5860508,-18,C
5860508,-19,0
5860508,-20,C
5860508,-21,C
5860508,-22,C
5010464,0,0
5010464,-1,0
5010464,-2,C
5010464,-3,0
5010464,-4,0
5010464,-5,C
5010464,-6,C
5010464,-7,C
5010464,-8,C
5010464,-9,0
5010464,-10,0
5010464,-11,0
5010464,-12,C
5010464,-13,C
5010464,-14,0
5010464,-15,C
5880164,0,1
5880164,-1,0
5880164,-2,X
5880164,-3,0
5880164,-4,X
5880164,-5,C
5880164,-6,C
5880164,-7,C
5880164,-8,C
5880164,-9,X
5880164,-10,0
5880164,-11,C
5880164,-12,C
5880164,-13,C
5880164,-14,C
5880164,-15,0
5880164,-16,C
5880164,-17,3
5880164,-18,1
5880164,-19,0
5880164,-20,0
5880164,-21,0
5250556,0,0
5250556,-1,0
5324043,0,0
5324043,-1,0
5399196,0,0
5399196,-1,0
5399196,-2,C
5399196,-3,5
5399196,-4,0
5399196,-5,X
5399196,-6,X
5399196,-7,3
5399196,-8,C
5399196,-9,0
5196807,0,0
5196807,-1,C
5196807,-2,0
5196807,-3,1
5196807,-4,X
5196807,-5,C
5196807,-6,X
5196807,-7,0
5196807,-8,0
5196807,-9,0
5196807,-10,C
5196807,-11,X
5196807,-12,X
5196807,-13,1
5196807,-14,0
5196807,-15,0
5221876,0,C
5221876,-1,0
5221876,-2,X
5221876,-3,C
5221876,-4,C
5221876,-5,1
5221876,-6,0
5221876,-7,0
5221876,-8,0
5221876,-9,0
5221876,-10,5
5221876,-11,0
5221876,-12,C
5221876,-13,5
5221876,-14,1
5221876,-15,C
5221876,-16,X
5221876,-17,1
5221876,-18,1
5221876,-19,2
5221876,-20,1
5221876,-21,0
5221876,-22,0
5221876,-23,C
5660823,0,0
5660823,-1,0
5452447,0,0
5452447,-1,0
5452447,-2,5
5452447,-3,C
5452447,-4,C
5452447,-5,X
5452447,-6,0
5452447,-7,C
5452447,-8,X
5452447,-9,0
5452447,-10,0
5452447,-11,X
5452447,-12,0
5452447,-13,0
5452447,-14,C
5452447,-15,0
5090151,0,C
5090151,-1,C
5090151,-2,C
5090151,-3,3
5090151,-4,X
5090151,-5,0
5090151,-6,0
5144138,0,C
5144138,-1,C
5144138,-2,X
5144138,-3,0
5144138,-4,C
5144138,-5,0
5144138,-6,0
5144138,-7,0
5144138,-8,0
5144138,-9,0
5144138,-10,0
5144138,-11,X
5144138,-12,C
5144138,-13,0
5144138,-14,X
5144138,-15,X
5144138,-16,C
5144138,-17,X
5144138,-18,0
5144138,-19,0
5144138,-20,0
5144138,-21,X
5144138,-22,X
5144138,-23,C
5979592,0,C
5979592,-1,0
5979592,-2,C
5979592,-3,3
5979592,-4,0
5979592,-5,C
5979592,-6,0
5979592,-7,C
5979592,-8,C
5979592,-9,0
5979592,-10,X
5979592,-11,0
5979592,-12,C
5979592,-13,0
5979592,-14,C
5979592,-15,C
5979592,-16,X
5979592,-17,0
5979592,-18,C
5870289,0,X
5870289,-1,1
5870289,-2,X
5870289,-3,0
5842882,0,0
5114135,0,0
5114135,-1,X
5114135,-2,0
5052413,0,C
5052413,-1,X
5052413,-2,0
5052413,-3,0
5052413,-4,X
5052413,-5,0
5052413,-6,C
5052413,-7,C
5052413,-8,0
5052413,-9,0
5052413,-10,0
5052413,-11,1
5052413,-12,C
5052413,-13,0
5052413,-14,C
5052413,-15,X
5052413,-16,C
5052413,-17,C
5904743,0,0
5407527,0,1
5407527,-1,X
5407527,-2,X
5407527,-3,2
5407527,-4,0
5407527,-5,1
5407527,-6,C
5407527,-7,0
5782231,0,C
5782231,-1,X
5782231,-2,C
5782231,-3,0
5782231,-4,C
5782231,-5,0
5782231,-6,0
5782231,-7,C
5782231,-8,C
5782231,-9,C
5782231,-10,C
5782231,-11,C
5782231,-12,C
5782231,-13,0
5782231,-14,0
5782231,-15,X
5782231,-16,0
5782231,-17,1
5782231,-18,1
5782231,-19,0
5782231,-20,0
5622142,0,0
5622142,-1,C
5012973,0,1
5012973,-1,C
5012973,-2,X
5012973,-3,0
5012973,-4,0
5012973,-5,C
5012973,-6,0
5877530,0,0
5877530,-1,0
5877530,-2,0
5877530,-3,0
5877530,-4,0
5877530,-5,C
5877530,-6,0
5877530,-7,0
5877530,-8,X
5877530,-9,C
5877530,-10,0
5877530,-11,0
5877530,-12,C
5877530,-13,4
5272355,0,C
5272355,-1,C
5272355,-2,C
5272355,-3,X
5272355,-4,X
5272355,-5,C
5272355,-6,2
5272355,-7,C
5272355,-8,0
5272355,-9,C
5272355,-10,C
5272355,-11,X
5272355,-12,C
5113372,0,0
5113372,-1,0
5113372,-2,0
5113372,-3,0
5113372,-4,0
5113372,-5,1
5113372,-6,C
5113372,-7,5
5113372,-8,C
5113372,-9,0
5122581,0,C
5122581,-1,0
5122581,-2,0
5122581,-3,C
5812444,0,0
5812444,-1,C
5812444,-2,C
5812444,-3,0
5812444,-4,C
5812444,-5,C
5812444,-6,0
5812444,-7,0
5812444,-8,C
5812444,-9,C
5812444,-10,0
5812444,-11,0
5860002,0,C
5860002,-1,C
5860002,-2,C
5860002,-3,0
5860002,-4,0
5860002,-5,0
5860002,-6,0
5860002,-7,0
5860002,-8,X
5860002,-9,0
5860002,-10,C
5860002,-11,X
5860002,-12,1
5860002,-13,0
5860002,-14,0
5860002,-15,0
5860002,-16,0
5860002,-17,3
5943202,0,C
5943202,-1,X
5943202,-2,0
5943202,-3,C
5167489,0,0
5167489,-1,0
5167489,-2,0
5167489,-3,0
5167489,-4,0
5167489,-5,C
5167489,-6,C
5167489,-7,4
5167489,-8,0
5167489,-9,0
5167489,-10,C
5167489,-11,C
5167489,-12,0
5167489,-13,C
5167489,-14,X
5961314,0,X
5961314,-1,C
5961314,-2,X
5961314,-3,0
5961314,-4,C
5961314,-5,C
5961314,-6,0
5961314,-7,C
5961314,-8,C
5961314,-9,X
5961314,-10,C
5961314,-11,0
5961314,-12,C
5961314,-13,C
5961314,-14,C
5961314,-15,C
5961314,-16,0
5961314,-17,C
5647359,0,C
5647359,-1,0
5647359,-2,0
5647359,-3,C
5647359,-4,C
5647359,-5,C
5647359,-6,5
5647359,-7,0
5647359,-8,C
5647359,-9,C
5647359,-10,C
5647359,-11,2
5647359,-12,C
5647359,-13,1
5647359,-14,5
5647359,-15,0
5647359,-16,0
5647359,-17,C
5647359,-18,C
5647359,-19,C
5647359,-20,1
5647359,-21,0
5647359,-22,0
5647359,-23,C
5931204,0,C
5023682,0,C
5023682,-1,4
5023682,-2,C
5023682,-3,C
5023682,-4,0
5023682,-5,C
5023682,-6,3
5023682,-7,C
5023682,-8,C
5848533,0,0
5848533,-1,0
5848533,-2,0
5848533,-3,1
5848533,-4,0
5848533,-5,0
5848533,-6,C
5848533,-7,C
5848533,-8,0
5848533,-9,0
5848533,-10,C
5751501,0,C
5751501,-1,C
5751501,-2,0
5751501,-3,0
5751501,-4,0
5751501,-5,0
5751501,-6,2
5751501,-7,X
5751501,-8,0
5481859,0,0
5481859,-1,X
5481859,-2,C
5481859,-3,C
5481859,-4,C
5481859,-5,C
5481859,-6,X
5481859,-7,0
5481859,-8,C
5481859,-9,C
5023951,0,C
5378208,0,X
5378208,-1,0
5378208,-2,5
5378208,-3,0
5378208,-4,C
5378208,-5,0
5378208,-6,0
5378208,-7,5
5378208,-8,C
5378208,-9,0
5378208,-10,0
5378208,-11,C
5378208,-12,0
5378208,-13,C
5378208,-14,0
5378208,-15,0
5868697,0,0
5546941,0,C
5546941,-1,C
5546941,-2,0
5546941,-3,C
5546941,-4,C
5546941,-5,C
5546941,-6,0
5546941,-7,X
5546941,-8,C
5546941,-9,C
5546941,-10,0
5546941,-11,5
5546941,-12,1
5546941,-13,1
5546941,-14,0
5546941,-15,0
5546941,-16,C
5546941,-17,1
5546941,-18,1
5546941,-19,0
5546941,-20,0
5546941,-21,C
5546941,-22,X
5901728,0,0
5901728,-1,0
5901728,-2,0
5901728,-3,C
5901728,-4,0
5901728,-5,0
5901728,-6,C
5901728,-7,4
5901728,-8,X
5901728,-9,C
5901728,-10,1
5321778,0,0
5321778,-1,0
5971148,0,0
5971148,-1,C
5971148,-2,C
5971148,-3,1
5971148,-4,0
5971148,-5,0
5971148,-6,C
5971148,-7,C
5971148,-8,C
5971148,-9,0
5971148,-10,0
5971148,-11,1
5971148,-12,X
5971148,-13,0
5971148,-14,0
5971148,-15,3
5061676,0,0
5061676,-1,0
5061676,-2,0
5061676,-3,C
5061676,-4,C
5061676,-5,1
5061676,-6,C
5061676,-7,X
5061676,-8,0
5061676,-9,C
5061676,-10,X
5061676,-11,X
5169482,0,C
5169482,-1,0
5169482,-2,1
5169482,-3,0
5169482,-4,X
5169482,-5,4
5169482,-6,0
5169482,-7,X
5169482,-8,X
5169482,-9,C
5169482,-10,0
5169482,-11,0
5169482,-12,1
5169482,-13,X
5169482,-14,C
5169482,-15,C
5674942,0,C
5674942,-1,X
5674942,-2,0
5674942,-3,0
5674942,-4,0
5674942,-5,0
5674942,-6,0
5674942,-7,0
5674942,-8,0
5674942,-9,C
5674942,-10,0
5674942,-11,2
5674942,-12,0
5674942,-13,C
5674942,-14,C
5674942,-15,C
5674942,-16,X
5674942,-17,X
5674942,-18,0
5674942,-19,0
5416508,0,C
5416508,-1,0
5416508,-2,C
5416508,-3,0
5416508,-4,0
5416508,-5,C
5416508,-6,C
5416508,-7,C
5416508,-8,C
5416508,-9,C
5416508,-10,C
5416508,-11,0
5416508,-12,X
5416508,-13,C
5416508,-14,0
5416508,-15,1
5416508,-16,C
5416508,-17,C
5712238,0,0
5712238,-1,C
5712238,-2,0
5712238,-3,1
5712238,-4,C
5712238,-5,C
5712238,-6,1
5712238,-7,5
5712238,-8,0
5712238,-9,C
5712238,-10,0
5712238,-11,0
5712238,-12,0
5712238,-13,C
5712238,-14,1
5712238,-15,4
5712238,-16,0
5712238,-17,0
5712238,-18,0
5712238,-19,0
5712238,-20,0
5712238,-21,C
5712238,-22,0
5092083,0,C
5092083,-1,3
5092083,-2,X
5113067,0,0
5113067,-1,0
5113067,-2,C
5113067,-3,0
5113067,-4,0
5113067,-5,0
5113067,-6,1
5113067,-7,C
5113067,-8,C
5113067,-9,C
5113067,-10,C
5113067,-11,0
5113067,-12,C
5113067,-13,0
5113067,-14,0
5113067,-15,C
5960560,0,C
5960560,-1,0
5960560,-2,C
5960560,-3,C
5960560,-4,X
5960560,-5,C
5960560,-6,0
5960560,-7,X
5960560,-8,0
5960560,-9,C
5960560,-10,X
5960560,-11,0
5960560,-12,0
5960560,-13,C
5960560,-14,0
5960560,-15,0
5960560,-16,C
5960560,-17,X
5960560,-18,X
5960560,-19,0
5168063,0,0
5168063,-1,0
5168063,-2,C
5168063,-3,X
5168063,-4,C
5168063,-5,0
5168063,-6,C
5168063,-7,0
5168063,-8,0
5168063,-9,C
5168063,-10,C
5168063,-11,0
5168063,-12,0
5168063,-13,C
5168063,-14,0
5168063,-15,0
5168063,-16,C
5168063,-17,4
5168063,-18,C
5168063,-19,0
5168063,-20,C
5018092,0,C
5868205,0,0
5868205,-1,X
5868205,-2,0
5868205,-3,C
5868205,-4,C
5868205,-5,C
5868205,-6,0
5868205,-7,X
5868205,-8,0
5868205,-9,0
5868205,-10,C
5868205,-11,0
5868205,-12,C
5868205,-13,C
5980294,0,0
5980294,-1,X
5980294,-2,0
5980294,-3,0
5980294,-4,0
5980294,-5,0
5980294,-6,0
5980294,-7,0
5980294,-8,0
5980294,-9,0
5980294,-10,0
5980294,-11,0
5980294,-12,C
5980294,-13,4
5980294,-14,0
5980294,-15,X
5865260,0,0
5396638,0,X
5396638,-1,C
5396638,-2,C
5396638,-3,X
5396638,-4,2
5396638,-5,C
5396638,-6,0
5396638,-7,C
5396638,-8,C
5396638,-9,C
5293540,0,1
5293540,-1,C
5293540,-2,C
5293540,-3,0
5293540,-4,X
5293540,-5,0
5293540,-6,X
5293540,-7,C
5293540,-8,0
5293540,-9,X
5293540,-10,5
5293540,-11,X
5293540,-12,X
5293540,-13,0
5293540,-14,C
5293540,-15,X
5293540,-16,C
5293540,-17,X
5293540,-18,0
5293540,-19,C
5293540,-20,C
5293540,-21,C
5293540,-22,C
5293540,-23,C
5096511,0,C
5096511,-1,0
5096511,-2,X
5096511,-3,C
5096511,-4,0
5096511,-5,X
5096511,-6,C
5096511,-7,0
5096511,-8,C
5096511,-9,X
5096511,-10,0
5096511,-11,C
5096511,-12,0
5096511,-13,C
5096511,-14,0
5096511,-15,C
5096511,-16,C
5096511,-17,C
5096511,-18,C
5096511,-19,C
5096511,-20,0
5096511,-21,C
5131552,0,C
5131552,-1,C
5131552,-2,5
5131552,-3,0
5131552,-4,C
5131552,-5,C
5131552,-6,0
5131552,-7,C
5131552,-8,C
5131552,-9,C
5131552,-10,0
5131552,-11,2
5131552,-12,0
5131552,-13,1
5131552,-14,0
5131552,-15,0
5131552,-16,C
5131552,-17,4
5678826,0,0
5678826,-1,0
5678826,-2,0
5678826,-3,C
5678826,-4,0
5678826,-5,0
5678826,-6,C
5678826,-7,0
5678826,-8,1
5678826,-9,C
5313599,0,0
5313599,-1,C
5313599,-2,C
5313599,-3,C
5313599,-4,X
5313599,-5,X
5313599,-6,4
5853784,0,C
5853784,-1,0
5853784,-2,0
5853784,-3,C
5853784,-4,0
5853784,-5,0
5853784,-6,0
5853784,-7,0
5853784,-8,1
5853784,-9,0
5853784,-10,0
5853784,-11,C
5853784,-12,X
5853784,-13,0
5853784,-14,0
5155552,0,0
5155552,-1,C
5155552,-2,C
5155552,-3,C
5155552,-4,0
5672358,0,C
5672358,-1,C
5672358,-2,X
5672358,-3,C
5672358,-4,0
5672358,-5,X
5672358,-6,C
5672358,-7,C
5672358,-8,C
5672358,-9,1
5672358,-10,C
5672358,-11,C
5672358,-12,0
5672358,-13,C
5672358,-14,0
5672358,-15,C
5672358,-16,0
5672358,-17,0
5661482,0,X
5661482,-1,C
5661482,-2,C
5661482,-3,C
5661482,-4,C
5661482,-5,X
5661482,-6,0
5661482,-7,0
5661482,-8,C
5661482,-9,0
5661482,-10,0
5661482,-11,C
5661482,-12,C
5661482,-13,1
5661482,-14,C
5661482,-15,0
5661482,-16,0
5173511,0,0
5173511,-1,0
5173511,-2,C
5173511,-3,0
5173511,-4,C
5173511,-5,0
5173511,-6,1
5173511,-7,C
5173511,-8,0
5173511,-9,0
5173511,-10,C
5173511,-11,0
5173511,-12,C
5173511,-13,0
5173511,-14,C
5173511,-15,C
5173511,-16,1
5173511,-17,X
5173511,-18,C
5173511,-19,C
5173511,-20,0
5173511,-21,C
5993152,0,C
5993152,-1,C
5993152,-2,0
5993152,-3,C
5993152,-4,C
5817322,0,0
5817322,-1,C
5817322,-2,C
5817322,-3,0
5817322,-4,X
5817322,-5,0
5817322,-6,0
5817322,-7,X
5817322,-8,1
5817322,-9,4
5817322,-10,C
5817322,-11,C
5817322,-12,C
5817322,-13,X
5817322,-14,C
5817322,-15,C
5817322,-16,0
5817322,-17,C
5817322,-18,0
5817322,-19,C
5817322,-20,0
5074396,0,C
5074396,-1,C
5074396,-2,0
5074396,-3,C
5074396,-4,C
5074396,-5,0
5033380,0,0
5033380,-1,C
5033380,-2,0
5033380,-3,C
5033380,-4,C
5131914,0,C
5131914,-1,C
5131914,-2,C
5131914,-3,1
5131914,-4,C
5131914,-5,C
5131914,-6,0
5131914,-7,X
5131914,-8,C
5131914,-9,0
5131914,-10,0
5131914,-11,C
5131914,-12,0
5131914,-13,0
5131914,-14,C
5131914,-15,X
5131914,-16,C
5131914,-17,X
5131914,-18,0
5921165,0,0
5921165,-1,C
5921165,-2,0
5921165,-3,0
5921165,-4,0
5921165,-5,C
5921165,-6,C
5921165,-7,0
5921165,-8,0
5921165,-9,C
5921165,-10,0
5921165,-11,C
5921165,-12,C
5921165,-13,1
5921165,-14,0
5191115,0,X
5169122,0,1
5058470,0,C
5058470,-1,C
5058470,-2,0
5058470,-3,C
5058470,-4,0
5164671,0,C
5164671,-1,C
5164671,-2,C
5164671,-3,C
5164671,-4,C
5164671,-5,0
5164671,-6,0
5164671,-7,C
5164671,-8,0
5164671,-9,1
5164671,-10,C
5164671,-11,0
5164671,-12,0
5164671,-13,C
5164671,-14,C
5164671,-15,C
5164671,-16,C
5407891,0,0
5407891,-1,0
5407891,-2,X
5407891,-3,0
5407891,-4,5
5407891,-5,C
5407891,-6,X
5407891,-7,0
5407891,-8,0
5407891,-9,0
5407891,-10,C
5407891,-11,X
5407891,-12,C
5407891,-13,X
5407891,-14,0
5407891,-15,C
5407891,-16,C
5407891,-17,C
5224870,0,1
5224870,-1,C
5224870,-2,0
5224870,-3,0
5224870,-4,C
5224870,-5,C
5224870,-6,1
5224870,-7,C
5224870,-8,C
5224870,-9,0
5224870,-10,C
5224870,-11,C
5224870,-12,C
5224870,-13,0
5224870,-14,C
5224870,-15,C
5224870,-16,C
5715676,0,0
5715676,-1,C
5715676,-2,C
5715676,-3,0
5715676,-4,C
5715676,-5,0
5715676,-6,C
5715676,-7,C
5715676,-8,0
5715676,-9,C
5715676,-10,X
5715676,-11,0
5179129,0,C
5179129,-1,X
5179129,-2,X
5179129,-3,C
5179129,-4,C
5390433,0,C
5390433,-1,0
5390433,-2,X
5390433,-3,5
5390433,-4,0
5390433,-5,C
5390433,-6,C
5390433,-7,0
5390433,-8,X
5390433,-9,0
5390433,-10,1
5390433,-11,0
5390433,-12,C
5390433,-13,0
5390433,-14,C
5390433,-15,0
5390433,-16,0
5390433,-17,C
5390433,-18,0
5390433,-19,C
5390433,-20,0
5004416,0,1
5004416,-1,0
5004416,-2,C
5004416,-3,C
5004416,-4,C
5004416,-5,0
5004416,-6,0
5004416,-7,0
5004416,-8,C
5004416,-9,0
5250209,0,0
5250209,-1,0
5250209,-2,0
5250209,-3,C
5250209,-4,2
5250209,-5,C
5250209,-6,C
5250209,-7,C
5250209,-8,X
5332270,0,C
5332270,-1,X
5332270,-2,0
5332270,-3,X
5332270,-4,1
5332270,-5,C
5332270,-6,0
5332270,-7,0
5332270,-8,0
5332270,-9,0
5332270,-10,C
5332270,-11,0
5332270,-12,X
5332270,-13,1
5332270,-14,X
5332270,-15,C
5476290,0,0
5476290,-1,C
5476290,-2,C
5476290,-3,C
5476290,-4,C
5476290,-5,C
5476290,-6,0
5476290,-7,X
5476290,-8,C
5476290,-9,1
5476290,-10,C
5476290,-11,C
5476290,-12,1
5476290,-13,0
5476290,-14,C
5476290,-15,C
5476290,-16,X
5476290,-17,0
5476290,-18,0
5476290,-19,C
5476290,-20,1
5476290,-21,X
5476290,-22,C
5476290,-23,C
5863784,0,0
5863784,-1,0
5863784,-2,1
5863784,-3,0
5863784,-4,0
5863784,-5,0
5863784,-6,C
5863784,-7,C
5863784,-8,C
5863784,-9,C
5863784,-10,0
5863784,-11,4
5863784,-12,X
5863784,-13,C
5863784,-14,C
5863784,-15,C
5863784,-16,2
5863784,-17,C
5863784,-18,0
5863784,-19,C
5863784,-20,C
5863784,-21,C
5863784,-22,0
5982815,0,0
5982815,-1,0
5982815,-2,0
5982815,-3,0
5982815,-4,C
5982815,-5,C
5982815,-6,C
5982815,-7,C
5982815,-8,0
5982815,-9,0
5982815,-10,C
5982815,-11,0
5982815,-12,0
5982815,-13,0
5982815,-14,C
5590887,0,0
5590887,-1,C
5590887,-2,X
5590887,-3,C
5590887,-4,C
5590887,-5,4
5590887,-6,0
5590887,-7,0
5590887,-8,C
5590887,-9,C
5590887,-10,1
5590887,-11,0
5590887,-12,X
5590887,-13,0
5590887,-14,X
5590887,-15,C
5590887,-16,C
5590887,-17,C
5590887,-18,1
5590887,-19,C
5590887,-20,1
5590887,-21,C
5590887,-22,0
5532310,0,0
5532310,-1,X
5532310,-2,0
5532310,-3,X
5532310,-4,0
5532310,-5,0
5532310,-6,C
5532310,-7,0
5160877,0,C
5160877,-1,C
5160877,-2,C
5160877,-3,C
5160877,-4,0
5160877,-5,C
5160877,-6,0
5160877,-7,C
5160877,-8,0
5160877,-9,0
5160877,-10,0
5160877,-11,C
5203286,0,4
5203286,-1,C
5203286,-2,1
5203286,-3,C
5203286,-4,0
5203286,-5,0
5203286,-6,0
5203286,-7,C
5203286,-8,0
5203286,-9,0
5203286,-10,0
5203286,-11,X
5203286,-12,C
5203286,-13,0
5203286,-14,0
5203286,-15,X
5203286,-16,0
5203286,-17,C
5203286,-18,C
5203286,-19,1
5203286,-20,0
5489240,0,C
5489240,-1,0
5489240,-2,0
5489240,-3,0
5489240,-4,C
5489240,-5,0
5489240,-6,0
5186089,0,C
5186089,-1,X
5186089,-2,0
5807088,0,5
5807088,-1,0
5807088,-2,X
5807088,-3,C
5807088,-4,C
5807088,-5,0
5807088,-6,C
5807088,-7,C
5807088,-8,0
5807088,-9,C
5807088,-10,C
5977288,0,C
5977288,-1,1
5016247,0,4
5016247,-1,C
5016247,-2,X
5016247,-3,1
5016247,-4,X
5016247,-5,0
5016247,-6,C
5016247,-7,C
5947797,0,X
5947797,-1,0
5947797,-2,0
5947797,-3,0
5947797,-4,0
5947797,-5,C
5947797,-6,0
5947797,-7,X
5947797,-8,1
5947797,-9,C
5799217,0,0
5012284,0,C
5012284,-1,C
5012284,-2,0
5012284,-3,0
5012284,-4,X
5012284,-5,1
5148417,0,0
5148417,-1,C
5148417,-2,C
5148417,-3,C
5148417,-4,0
5148417,-5,1
5148417,-6,0
5148417,-7,0
5148417,-8,C
5148417,-9,1
5148417,-10,0
5148417,-11,0
5148417,-12,C
5148417,-13,C
5547779,0,0
5547779,-1,C
5547779,-2,C
5547779,-3,1
5547779,-4,C
5547779,-5,X
5547779,-6,X
5547779,-7,0
5547779,-8,0
5547779,-9,C
5547779,-10,0
5547779,-11,C
5740546,0,C
5740546,-1,1
5740546,-2,0
5740546,-3,C
5740546,-4,C
5740546,-5,0
5740546,-6,0
5740546,-7,4
5740546,-8,0
5740546,-9,C
5740546,-10,C
5740546,-11,C
5740546,-12,C
5740546,-13,0
5740546,-14,C
5740546,-15,0
5740546,-16,C
5740546,-17,0
5977552,0,0
5977552,-1,C
5977552,-2,0
5977552,-3,C
5977552,-4,X
5977552,-5,C
5977552,-6,4
5977552,-7,0
5977552,-8,C
5977552,-9,C
5977552,-10,C
5977552,-11,0
5977552,-12,0
5977552,-13,1
5977552,-14,X
5977552,-15,0
5977552,-16,0
5977552,-17,3
5977552,-18,0
5977552,-19,X
5507950,0,0
5507950,-1,C
5507950,-2,0
5507950,-3,0
5507950,-4,1
5507950,-5,0
5507950,-6,C
5507950,-7,0
5507950,-8,1
5689411,0,0
5689411,-1,0
5689411,-2,C
5689411,-3,0
5689411,-4,0
5689411,-5,C
5689411,-6,C
5689411,-7,C
5689411,-8,0
5689411,-9,0
5689411,-10,0
5689411,-11,X
5311167,0,0
5311167,-1,0
5311167,-2,2
5615315,0,0
5625492,0,1
5625492,-1,X
5625492,-2,0
5625492,-3,0
5625492,-4,C
5625492,-5,1
5625492,-6,C
5625492,-7,C
5625492,-8,C
5625492,-9,C
5625492,-10,C
5625492,-11,0
5625492,-12,C
5625492,-13,0
5913275,0,C
5913275,-1,X
5913275,-2,C
5913275,-3,0
5913275,-4,X
5913275,-5,0
5913275,-6,C
5913275,-7,C
5913275,-8,0
5913275,-9,0
5913275,-10,C
5913275,-11,C
5913275,-12,0
5913275,-13,0
5913275,-14,C
5913275,-15,0
5575894,0,1
5575894,-1,0
5575894,-2,0
5575894,-3,0
5575894,-4,C
5575894,-5,0
5575894,-6,C
5575894,-7,C
5575894,-8,0
5575894,-9,X
5575894,-10,C
5575894,-11,0
5575894,-12,C
5575894,-13,0
5575894,-14,0
5575894,-15,C
5194276,0,C
5194276,-1,C
5194276,-2,0
5194276,-3,0
5194276,-4,0
5194276,-5,C
5194276,-6,C
5194276,-7,0
5173032,0,C
5173032,-1,0
5173032,-2,0
5398057,0,X
5398057,-1,0
5398057,-2,C
5398057,-3,C
5398057,-4,3
5398057,-5,0
5398057,-6,0
5398057,-7,C
5398057,-8,C
5398057,-9,0
5398057,-10,0
5398057,-11,C
5804524,0,0
5804524,-1,C
5804524,-2,C
5804524,-3,X
5512405,0,0
5512405,-1,X
5512405,-2,X
5512405,-3,1
5765524,0,C
5765524,-1,C
5765524,-2,C
5765524,-3,0
5765524,-4,C
5765524,-5,C
5334865,0,X
5334865,-1,C
5334865,-2,X
5334865,-3,C
5334865,-4,C
5334865,-5,C
5334865,-6,X
5334865,-7,C
5334865,-8,0
5334865,-9,C
5334865,-10,0
5334865,-11,C
5334865,-12,C
5334865,-13,0
5334865,-14,C
5334865,-15,3
5334865,-16,0
5334865,-17,1
5334865,-18,C
5381823,0,0
5381823,-1,C
5381823,-2,0
5381823,-3,C
5311453,0,0
5311453,-1,0
5311453,-2,0
5311453,-3,0
5311453,-4,0
5311453,-5,0
5311453,-6,C
5311453,-7,0
5311453,-8,C
5311453,-9,0
5311453,-10,0
5311453,-11,C
5311453,-12,C
5311453,-13,0
5311453,-14,C
5311453,-15,0
5311453,-16,C
5311453,-17,C
5311453,-18,C
5311453,-19,3
5311453,-20,C
5311453,-21,5
5340736,0,X
5340736,-1,0
5340736,-2,0
5340736,-3,C
5340736,-4,0
5340736,-5,4
5340736,-6,0
5340736,-7,C
5340736,-8,C
5340736,-9,5
5340736,-10,X
5340736,-11,C
5340736,-12,0
5340736,-13,X
5340736,-14,3
5340736,-15,C
5340736,-16,0
5340736,-17,0
5340736,-18,0
5340736,-19,0
5340736,-20,0
5340736,-21,C
5340736,-22,C
5340736,-23,C
5259312,0,0
5259312,-1,C
5259312,-2,0
5259312,-3,C
5259312,-4,C
5259312,-5,0
5259312,-6,0
5259312,-7,0
5259312,-8,0
5259312,-9,X
5386318,0,C
5386318,-1,X
5386318,-2,C
5386318,-3,C
5386318,-4,C
5386318,-5,0
5386318,-6,X
5386318,-7,C
5386318,-8,C
5386318,-9,0
5386318,-10,0
5386318,-11,C
5021425,0,C
5021425,-1,C
5021425,-2,X
5021425,-3,C
5021425,-4,0
5021425,-5,C
5021425,-6,0
5021425,-7,C
5021425,-8,C
5021425,-9,0
5021425,-10,X
5021425,-11,C
5021425,-12,C
5021425,-13,0
5021425,-14,C
5021425,-15,C
5021425,-16,X
5021425,-17,5
5021425,-18,0
5021425,-19,0
5021425,-20,0
5021425,-21,1
5328673,0,C
5328673,-1,X
5328673,-2,0
5931747,0,0
5931747,-1,C
5931747,-2,1
5931747,-3,C
5931747,-4,0
5931747,-5,0
5931747,-6,0
5931747,-7,0
5931747,-8,0
5964906,0,C
5964906,-1,0
5964906,-2,C
5964906,-3,2
5964906,-4,X
5964906,-5,X
5964906,-6,0
5964906,-7,C
5964906,-8,0
5964906,-9,C
5964906,-10,C
5964906,-11,X
5964906,-12,0
5964906,-13,0
5964906,-14,0
5631381,0,X
5631381,-1,C
5631381,-2,0
5631381,-3,C
5631381,-4,C
5460437,0,C
5460437,-1,C
5181146,0,C
5181146,-1,0
5181146,-2,X
5181146,-3,C
5181146,-4,2
5181146,-5,C
5181146,-6,0
5181146,-7,C
5181146,-8,1
5181146,-9,0
5181146,-10,0
5181146,-11,0
5181146,-12,0
5181146,-13,C
5181146,-14,C
5181146,-15,0
5181146,-16,C
5181146,-17,0
5073340,0,0
5073340,-1,C
5073340,-2,0
5073340,-3,C
5073340,-4,0
5073340,-5,C
5379911,0,1
5311892,0,C
5311892,-1,C
5311892,-2,X
5311892,-3,4
5311892,-4,X
5311892,-5,C
5311892,-6,0
5311892,-7,X
5311892,-8,0
5311892,-9,X
5300348,0,C
5300348,-1,0
5300348,-2,0
5300348,-3,0
5300348,-4,C
5300348,-5,0
5300348,-6,0
5300348,-7,C
5300348,-8,C
5300348,-9,C
5300348,-10,X
5300348,-11,0
5300348,-12,C
5300348,-13,C
5300348,-14,C
5300348,-15,0
5300348,-16,C
5300348,-17,0
5300348,-18,0
5300348,-19,C
5300348,-20,0
5695224,0,X
5695224,-1,X
5695224,-2,0
5695224,-3,X
5695224,-4,X
5695224,-5,C
5695224,-6,X
5999029,0,3
5999029,-1,1
5999029,-2,C
5999029,-3,0
5999029,-4,C
5999029,-5,C
5999029,-6,0
5999029,-7,C
5999029,-8,0
5999029,-9,C
5999029,-10,C
5202051,0,C
5202051,-1,C
5202051,-2,1
5202051,-3,0
5686065,0,0
5686065,-1,C
5757598,0,C
5757598,-1,0
5757598,-2,1
5757598,-3,1
5757598,-4,C
5757598,-5,0
5757598,-6,4
5757598,-7,C
5802210,0,C
5802210,-1,C
5802210,-2,C
5802210,-3,0
5802210,-4,0
5802210,-5,0
5802210,-6,X
5802210,-7,0
5802210,-8,C
5802210,-9,C
5802210,-10,C
5802210,-11,1
5802210,-12,0
5802210,-13,0
5802210,-14,0
5802210,-15,0
5802210,-16,C
5802210,-17,0
5802210,-18,0
5852974,0,C
5852974,-1,0
5852974,-2,C
5852974,-3,C
5852974,-4,0
5852974,-5,0
5852974,-6,X
5852974,-7,1
5852974,-8,0
5852974,-9,0
5852974,-10,1
5852974,-11,C
5416777,0,C
5416777,-1,C
5416777,-2,C
5416777,-3,C
5416777,-4,1
5416777,-5,C
5416777,-6,0
5416777,-7,C
5416777,-8,C
5416777,-9,C
5416777,-10,0
5416777,-11,0
5416777,-12,0
5416777,-13,0
5416777,-14,0
5416777,-15,X
5416777,-16,4
5416777,-17,X
5416777,-18,C
5416777,-19,C
5416777,-20,C
5416777,-21,C
5416777,-22,C
5416777,-23,0
5821316,0,0
5821316,-1,1
5821316,-2,C
5821316,-3,C
5821316,-4,C
5821316,-5,C
5144345,0,X
5144345,-1,X
5144345,-2,C
5144345,-3,0
5144345,-4,C
5144345,-5,C
5144345,-6,0
5144345,-7,2
5144345,-8,C
5144345,-9,C
5144345,-10,C
5144345,-11,0
5144345,-12,1
5144345,-13,0
5144345,-14,0
5144345,-15,0
5875799,0,4
5875799,-1,C
5875799,-2,0
5875799,-3,X
5875799,-4,C
5875799,-5,C
5875799,-6,0
5875799,-7,C
5875799,-8,C
5875799,-9,C
5875799,-10,0
5875799,-11,C
5875799,-12,0
5875799,-13,0
5875799,-14,C
5875799,-15,C
5875799,-16,0
5875799,-17,0
5875799,-18,0
5875799,-19,0
5875799,-20,0
5875799,-21,C
5875799,-22,C
5875799,-23,0
5509245,0,1
5509245,-1,0
5509245,-2,0
5509245,-3,C
5509245,-4,X
5509245,-5,X
5509245,-6,1
5509245,-7,C
5509245,-8,X
5509245,-9,0
5509245,-10,C
5509245,-11,0
5509245,-12,0
5509245,-13,X
5509245,-14,5
5509245,-15,0
5509245,-16,1
5509245,-17,C
5509245,-18,0
5509245,-19,C
5509245,-20,1
5509245,-21,4
5509245,-22,2
5509245,-23,0
5602959,0,0
5602959,-1,0
5602959,-2,C
5602959,-3,C
5602959,-4,C
5602959,-5,C
5602959,-6,0
5602959,-7,0
5602959,-8,0
5602959,-9,0
5602959,-10,X
5602959,-11,0
5602959,-12,0
5602959,-13,0
5125999,0,0
5125999,-1,C
5251185,0,C
5251185,-1,0
5974746,0,0
5974746,-1,C
5974746,-2,C
5974746,-3,C
5974746,-4,C
5974746,-5,0
5312459,0,0
5312459,-1,0
5312459,-2,C
5312459,-3,C
5312459,-4,0
5312459,-5,0
5312459,-6,0
5312459,-7,C
5312459,-8,C
5312459,-9,0
5312459,-10,0
5312459,-11,1
5312459,-12,C
5323914,0,C
5323914,-1,C
5323914,-2,C
5323914,-3,0
5323914,-4,2
5765186,0,X
5765186,-1,4
5765186,-2,C
5765186,-3,C
5765186,-4,C
5765186,-5,3
5765186,-6,C
5765186,-7,0
5765186,-8,1
5765186,-9,0
5765186,-10,0
5765186,-11,C
5765186,-12,C
5765186,-13,C
5765186,-14,0
5765186,-15,0
5765186,-16,C
5765186,-17,0
5765186,-18,C
5765186,-19,0
5765186,-20,X
5765186,-21,C
5765186,-22,C
5765186,-23,C
5327737,0,C
5327737,-1,5
5327737,-2,C
5327737,-3,C
5327737,-4,0
5327737,-5,0
5327737,-6,0
5327737,-7,C
5327737,-8,C
5327737,-9,0
5327737,-10,C
5327737,-11,0
5327737,-12,C
5327737,-13,C
5327737,-14,X
5327737,-15,0
5327737,-16,C
5602681,0,C
5784382,0,0
5784382,-1,1
5784382,-2,0
5784382,-3,0
5784382,-4,0
5784382,-5,0
5784382,-6,0
5784382,-7,0
5784382,-8,C
5784382,-9,0
5784382,-10,C
5784382,-11,C
5784382,-12,X
5784382,-13,0
5784382,-14,0
5784382,-15,0
5784382,-16,C
5016080,0,0
5016080,-1,C
5016080,-2,C
5016080,-3,0
5016080,-4,1
5016080,-5,X
5016080,-6,0
5016080,-7,C
5016080,-8,0
5016080,-9,0
5016080,-10,0
5016080,-11,C
5016080,-12,0
5016080,-13,0
5016080,-14,0
5016080,-15,X
5016080,-16,C
5016080,-17,0
5016080,-18,0
5016080,-19,0
5016080,-20,2
5730353,0,0
5730353,-1,C
5730353,-2,X
5730353,-3,C
5730353,-4,C
5730353,-5,C
5730353,-6,X
5730353,-7,0
5730353,-8,0
5949854,0,0
5949854,-1,C
5949854,-2,C
5949854,-3,0
5949854,-4,C
5949854,-5,0
5949854,-6,C
5949854,-7,0
5949854,-8,1
5949854,-9,X
5949854,-10,0
5073225,0,C
5073225,-1,X
5073225,-2,0
5073225,-3,C
5244781,0,X
5244781,-1,X
5244781,-2,0
5244781,-3,0
5244781,-4,1
5244781,-5,0
5244781,-6,C
5244781,-7,0
5244781,-8,C
5244781,-9,X
5244781,-10,C
5244781,-11,1
5244781,-12,C
5244781,-13,0
5244781,-14,0
5244781,-15,C
5244781,-16,0
5244781,-17,C
5244781,-18,C
5945333,0,C
5945333,-1,C
5945333,-2,C
5945333,-3,C
5945333,-4,C
5945333,-5,0
5945333,-6,C
5945333,-7,X
5945333,-8,C
5945333,-9,0
5945333,-10,0
5945333,-11,0
5945333,-12,C
5945333,-13,0
5945333,-14,C
5945333,-15,0
5945333,-16,0
5945333,-17,0
5945333,-18,5
5945333,-19,C
5945333,-20,C
5945333,-21,0
5945333,-22,0
5945333,-23,C
5833379,0,0
5833379,-1,0
5833379,-2,C
5833379,-3,X
5833379,-4,3
5833379,-5,C
5920540,0,C
5920540,-1,C
5227344,0,1
5227344,-1,X
5227344,-2,C
5227344,-3,3
5227344,-4,C
5227344,-5,0
5227344,-6,0
5227344,-7,C
5227344,-8,C
5227344,-9,0
5227344,-10,0
5227344,-11,2
5227344,-12,X
5227344,-13,2
5227344,-14,0
5227344,-15,0
5227344,-16,C
5732666,0,0
5732666,-1,C
5732666,-2,0
5732666,-3,C
5732666,-4,C
5732666,-5,C
5732666,-6,0
5732666,-7,C
5732666,-8,C
5732666,-9,C
5732666,-10,0
5732666,-11,0
5732666,-12,C
5732666,-13,0
5732666,-14,C
5732666,-15,0
5732666,-16,0
5732666,-17,0
5732666,-18,0
5732666,-19,C
5732666,-20,C
5732666,-21,0
5101954,0,0
5101954,-1,C
5101954,-2,0
5101954,-3,0
5101954,-4,0
5101954,-5,0
5101954,-6,C
5101954,-7,C
5101954,-8,0
5101954,-9,C
5101954,-10,1
5043141,0,4
5043141,-1,0
5043141,-2,0
5043141,-3,0
5043141,-4,C
5043141,-5,0
5043141,-6,C
5201003,0,C
5201003,-1,5
5201003,-2,X
5201003,-3,0
5201003,-4,0
5201003,-5,0
5201003,-6,0
5201003,-7,0
5201003,-8,0
5201003,-9,C
5403986,0,C
5403986,-1,C
5403986,-2,C
5403986,-3,C
5403986,-4,C
5403986,-5,C
5403986,-6,5
5403986,-7,X
5403986,-8,0
5403986,-9,X
5403986,-10,0
5403986,-11,0
5403986,-12,X
5403986,-13,0
5403986,-14,C
5403986,-15,0
5663941,0,0
5663941,-1,1
5663941,-2,X
5663941,-3,0
5663941,-4,0
5663941,-5,C
5990414,0,C
5990414,-1,C
5990414,-2,2
5990414,-3,0
5990414,-4,1
5990414,-5,X
5990414,-6,0
5990414,-7,0
5990414,-8,C
5990414,-9,0
5990414,-10,0
5990414,-11,C
5990414,-12,C
5734471,0,0
5734471,-1,C
5734471,-2,0
5734471,-3,0
5734471,-4,X
5734471,-5,C
5734471,-6,X
5734471,-7,C
5734471,-8,C
5049198,0,C
5049198,-1,0
5049198,-2,X
5049198,-3,0
5049198,-4,2
5049198,-5,0
5049198,-6,X
5049198,-7,0
5049198,-8,0
5049198,-9,0
5049198,-10,C
5049198,-11,0
5049198,-12,1
5049198,-13,0
5049198,-14,C
5049198,-15,C
5049198,-16,X
5456377,0,0
5456377,-1,0
5456377,-2,C
5456377,-3,C
5456377,-4,0
5456377,-5,C
5456377,-6,C
5456377,-7,0
5456377,-8,C
5456377,-9,0
5456377,-10,0
5456377,-11,C
5456377,-12,0
5456377,-13,1
5456377,-14,0
5456377,-15,C
5456377,-16,0
5456377,-17,C
5456377,-18,0
5456377,-19,0
5456377,-20,0
5456377,-21,4
5487131,0,0
5487131,-1,2
5487131,-2,C
5487131,-3,C
5487131,-4,0
5487131,-5,C
5487131,-6,0
5487131,-7,C
5487131,-8,X
5687420,0,2
5687420,-1,0
5687420,-2,0
5687420,-3,0
5687420,-4,0
5687420,-5,0
5687420,-6,X
5687420,-7,C
5687420,-8,C
5687420,-9,0
5687420,-10,0
5687420,-11,0
5687420,-12,C
5687420,-13,0
5687420,-14,0
5687420,-15,0
5687420,-16,C
5687420,-17,0
5784892,0,1
5784892,-1,4
5784892,-2,0
5784892,-3,1
5784892,-4,C
5784892,-5,X
5784892,-6,0
5784892,-7,C
5784892,-8,C
5784892,-9,1
5784892,-10,0
5784892,-11,0
5784892,-12,C
5784892,-13,X
5784892,-14,X
5784892,-15,0
5784892,-16,X
5213327,0,C
5213327,-1,X
5213327,-2,X
5723028,0,0
5723028,-1,C
5723028,-2,0
5723028,-3,3
5723028,-4,0
5723028,-5,0
5723028,-6,0
5723028,-7,C
5723028,-8,C
5723028,-9,3
5723028,-10,0
5723028,-11,C
5563589,0,0
5563589,-1,C
5563589,-2,C
5563589,-3,C
5563589,-4,3
5563589,-5,0
5563589,-6,1
5563589,-7,0
5563589,-8,C
5563589,-9,X
5563589,-10,C
5563589,-11,0
5563589,-12,C
5984259,0,C
5984259,-1,C
5984259,-2,C
5984259,-3,C
5984259,-4,0
5984259,-5,0
5984259,-6,C
5984259,-7,C
5984259,-8,1
5984259,-9,C
5984259,-10,0
5984259,-11,C
5984259,-12,X
5984259,-13,0
5887154,0,C
5887154,-1,0
5887154,-2,X
5887154,-3,C
5887154,-4,C
5887154,-5,C
5887154,-6,0
5887154,-7,C
5887154,-8,1
5887154,-9,4
5623328,0,X
5623328,-1,C
5623328,-2,0
5623328,-3,X
5623328,-4,C
5623328,-5,0
5485311,0,C
5485311,-1,C
5485311,-2,C
5485311,-3,0
5485311,-4,C
5485311,-5,C
5485311,-6,C
5485311,-7,0
5485311,-8,0
5485311,-9,0
5485311,-10,0
5880549,0,C
5880549,-1,0
5880549,-2,C
5236211,0,0
5236211,-1,C
5236211,-2,0
5236211,-3,0
5236211,-4,0
5236211,-5,C
5236211,-6,0
5236211,-7,0
5559362,0,0
5724744,0,C
5724744,-1,C
5724744,-2,0
5724744,-3,C
5724744,-4,C
5724744,-5,0
5724744,-6,0
5141116,0,C
5141116,-1,0
5141116,-2,0
5141116,-3,0
5141116,-4,C
5501230,0,X
5501230,-1,C
5501230,-2,C
5501230,-3,0
5501230,-4,0
5501230,-5,0
5501230,-6,0
5501230,-7,C
5501230,-8,0
5501230,-9,C
5501230,-10,0
5501230,-11,0
5501230,-12,0
5501230,-13,0
5942087,0,0
5479253,0,C
5479253,-1,C
5479253,-2,C
5479253,-3,1
5479253,-4,X
5479253,-5,1
5479253,-6,0
5479253,-7,X
5479253,-8,C
5479253,-9,C
5479253,-10,C
5631638,0,1
5631638,-1,C
5631638,-2,C
5631638,-3,C
5631638,-4,C
5631638,-5,C
5631638,-6,C
5631638,-7,C
5631638,-8,C
5631638,-9,C
5631638,-10,X
5631638,-11,X
5631638,-12,C
5631638,-13,0
5631638,-14,0
5631638,-15,C
5631638,-16,0
5631638,-17,C
5631638,-18,0
5631638,-19,C
5631638,-20,0
5631638,-21,C
5631638,-22,0
5273192,0,C
5273192,-1,0
5273192,-2,1
5273192,-3,0
5273192,-4,0
5273192,-5,C
5593967,0,1
5593967,-1,C
5593967,-2,0
5593967,-3,X
5593967,-4,0
5593967,-5,0
5593967,-6,C
5593967,-7,C
5593967,-8,0
5593967,-9,C
5593967,-10,0
5593967,-11,0
5593967,-12,C
5949905,0,C
5949905,-1,0
5949905,-2,C
5949905,-3,C
5949905,-4,0
5949905,-5,X
5949905,-6,0
5949905,-7,0
5949905,-8,0
5949905,-9,C
5949905,-10,C
5949905,-11,C
5686750,0,2
5686750,-1,C
5686750,-2,C
5686750,-3,0
5686750,-4,0
5686750,-5,C
5686750,-6,0
5686750,-7,C
5686750,-8,C
5686750,-9,0
5686750,-10,0
5686750,-11,C
5686750,-12,0
5686750,-13,0
5686750,-14,0
5389128,0,0
5389128,-1,C
5389128,-2,0
5389128,-3,3
5389128,-4,0
5389128,-5,C
5389128,-6,0
5389128,-7,C
5389128,-8,C
5389128,-9,C
5389128,-10,0
5389128,-11,0
5389128,-12,0
5389128,-13,C
5389128,-14,0
5567202,0,C
5567202,-1,0
5567202,-2,C
5567202,-3,1
5567202,-4,0
5567202,-5,0
5567202,-6,X
5599606,0,C
5599606,-1,0
5599606,-2,0
5599606,-3,C
5599606,-4,C
5599606,-5,5
5599606,-6,X
5599606,-7,C
5599606,-8,0
5599606,-9,C
5599606,-10,C
5599606,-11,C
5599606,-12,C
5897247,0,X
5897247,-1,X
5897247,-2,X
5897247,-3,0
5897247,-4,C
5897247,-5,0
5897247,-6,C
5897247,-7,0
5897247,-8,C
5275734,0,C
5275734,-1,C
5275734,-2,0
5275734,-3,0
5275734,-4,C
5275734,-5,0
5275734,-6,C
5275734,-7,0
5275734,-8,C
5275734,-9,C
5275734,-10,0
5275734,-11,1
5275734,-12,0
5275734,-13,0
5275734,-14,0
5275734,-15,0
5275734,-16,C
5275734,-17,C
5275734,-18,0
5275734,-19,C
5275734,-20,C
5275734,-21,0
5107320,0,0
5107320,-1,C
5107320,-2,0
5047422,0,0
5047422,-1,0
5047422,-2,1
5047422,-3,0
5047422,-4,C
5047422,-5,C
5047422,-6,C
5047422,-7,2
5047422,-8,0
5047422,-9,C
5083047,0,0
5083047,-1,0
5083047,-2,C
5083047,-3,X
5083047,-4,C
5083047,-5,C
5083047,-6,C
5083047,-7,C
5083047,-8,C
5083047,-9,0
5083047,-10,0
5249922,0,0
5249922,-1,C
5249922,-2,0
5249922,-3,C
5249922,-4,0
5249922,-5,C
5249922,-6,0
5249922,-7,0
5249922,-8,1
5249922,-9,0
5249922,-10,C
5249922,-11,0
5249922,-12,0
5249922,-13,C
5249922,-14,C
5249922,-15,0
5762883,0,C
5762883,-1,C
5456902,0,C
5456902,-1,0
5456902,-2,X
5456902,-3,C
5456902,-4,0
5456902,-5,C
5456902,-6,C
5456902,-7,C
5456902,-8,X
5456902,-9,C
5456902,-10,0
5456902,-11,X
5456902,-12,C
5456902,-13,0
5456902,-14,0
5257528,0,0
5257528,-1,C
5257528,-2,C
5257528,-3,C
5257528,-4,0
5257528,-5,0
5257528,-6,0
5257528,-7,0
5257528,-8,C
5257528,-9,C
5100488,0,C
5100488,-1,C
5100488,-2,0
5100488,-3,C
5100488,-4,C
5100488,-5,C
5100488,-6,0
5100488,-7,0
5100488,-8,0
5100488,-9,0
5100488,-10,4
5100488,-11,0
5100488,-12,C
5100488,-13,C
5184040,0,1
5184040,-1,C
5184040,-2,C
5184040,-3,C
5184040,-4,C
5184040,-5,0
5184040,-6,C
5184040,-7,5
5184040,-8,0
5184040,-9,C
5184040,-10,0
5184040,-11,0
5184040,-12,0
5184040,-13,C
5184040,-14,0
5041377,0,X
5041377,-1,C
5041377,-2,C
5041377,-3,X
5041377,-4,0
5041377,-5,C
5310042,0,C
5310042,-1,C
5310042,-2,0
5310042,-3,X
5310042,-4,C
5310042,-5,0
5310042,-6,C
5310042,-7,C
5310042,-8,0
5310042,-9,C
5310042,-10,1
5310042,-11,0
5310042,-12,C
5310042,-13,0
5310042,-14,C
5310042,-15,0
5310042,-16,X
5890814,0,0
5890814,-1,C
5890814,-2,C
5283767,0,C
5283767,-1,0
5283767,-2,C
5283767,-3,0
5283767,-4,5
5283767,-5,1
5283767,-6,C
5283767,-7,0
5283767,-8,C
5283767,-9,C
5283767,-10,C
5283767,-11,0
5283767,-12,0
5283767,-13,0
5283767,-14,C
5283767,-15,X
5283767,-16,C
5283767,-17,C
5283767,-18,C
5283767,-19,C
5941993,0,0
5941993,-1,C
5941993,-2,X
5941993,-3,0
5941993,-4,0
5941993,-5,0
5941993,-6,0
5777194,0,X
5777194,-1,C
5777194,-2,0
5777194,-3,C
5777194,-4,C
5777194,-5,0
5777194,-6,C
5777194,-7,0
5777194,-8,0
5777194,-9,C
5777194,-10,0
5777194,-11,C
5777194,-12,0
5777194,-13,0
5777194,-14,0
5777194,-15,C
5777194,-16,X
5777194,-17,1
5777194,-18,C
5777194,-19,C
5777194,-20,C
5777194,-21,0
5508510,0,X
5508510,-1,0
5508510,-2,C
5508510,-3,C
5508510,-4,C
5508510,-5,0
5508510,-6,X
5508510,-7,0
5508510,-8,C
5508510,-9,C
5508510,-10,0
5508510,-11,0
5508510,-12,C
5508510,-13,C
5508510,-14,X
5508510,-15,0
5508510,-16,0
5508510,-17,C
5508510,-18,0
5508510,-19,C
5508510,-20,0
5233567,0,0
5233567,-1,C
5233567,-2,C
5233567,-3,0
5319644,0,0
5319644,-1,X
5319644,-2,C
5319644,-3,0
5319644,-4,0
5319644,-5,C
5319644,-6,0
5319644,-7,0
5319644,-8,C
5319644,-9,C
5319644,-10,C
5319644,-11,C
5319644,-12,3
5319644,-13,X
5319644,-14,0
5319644,-15,C
5319644,-16,0
5319644,-17,C
5319644,-18,0
5319644,-19,0
5319644,-20,0
5319644,-21,C
5319644,-22,C
5082893,0,C
5082893,-1,C
5082893,-2,1
5082893,-3,C
5082893,-4,C
5082893,-5,0
5082893,-6,1
5082893,-7,C
5082893,-8,C
5082893,-9,X
5082893,-10,0
5082893,-11,X
5082893,-12,1
5082893,-13,0
5082893,-14,C
5082893,-15,0
5082893,-16,C
5082893,-17,0
5082893,-18,C
5082893,-19,C
5082893,-20,C
5082893,-21,C
5082893,-22,0
5999592,0,X
5999592,-1,0
5999592,-2,X
5999592,-3,C
5999592,-4,X
5999592,-5,C
5999592,-6,0
5999592,-7,C
5999592,-8,C
5999592,-9,X
5999592,-10,0
5999592,-11,2
5999592,-12,X
5999592,-13,C
5999592,-14,0
5999592,-15,C
5999592,-16,0
5999592,-17,0
5999592,-18,C
5999592,-19,0
5999592,-20,0
5999592,-21,0
5693140,0,C
5693140,-1,C
5693140,-2,C
5693140,-3,C
5693140,-4,0
5693140,-5,C
5526747,0,5
5526747,-1,1
5526747,-2,X
5526747,-3,C
5526747,-4,0
5526747,-5,0
5748707,0,X
5748707,-1,C
5748707,-2,0
5748707,-3,4
5748707,-4,0
5748707,-5,C
5748707,-6,0
5748707,-7,0
5748707,-8,5
5748707,-9,0
5748707,-10,C
5748707,-11,C
5748707,-12,C
5748707,-13,C
5748707,-14,0
5748707,-15,0
5748707,-16,C
5580445,0,0
5580445,-1,4
5580445,-2,0
5580445,-3,1
5580445,-4,5
5580445,-5,0
5580445,-6,0
5580445,-7,C
5580445,-8,0
5580445,-9,0
5580445,-10,C
5580445,-11,C
5580445,-12,C
5580445,-13,C
5580445,-14,C
5580445,-15,C
5580445,-16,C
5580445,-17,0
5580445,-18,X
5285416,0,X
5285416,-1,0
5955529,0,C
5955529,-1,0
5955529,-2,C
5955529,-3,C
5955529,-4,0
5955529,-5,C
5955529,-6,C
5955529,-7,C
5955529,-8,C
5955529,-9,C
5955529,-10,0
5955529,-11,0
5955529,-12,0
5955529,-13,0
5955529,-14,X
5955529,-15,0
5955529,-16,X
5955529,-17,0
5955529,-18,0
5955529,-19,0
5202063,0,C
5920589,0,1
5920589,-1,0
5920589,-2,1
5920589,-3,1
5920589,-4,1
5920589,-5,X
5920589,-6,C
5920589,-7,X
5920589,-8,0
5920589,-9,0
5920589,-10,1
5920589,-11,C
5861310,0,0
5861310,-1,0
5861310,-2,C
5861310,-3,0
5861310,-4,C
5861310,-5,2
5861310,-6,C
5861310,-7,C
5861310,-8,0
5861310,-9,C
5861310,-10,0
5861310,-11,X
5861310,-12,C
5861310,-13,0
5861310,-14,C
5051619,0,C
5051619,-1,0
5051619,-2,0
5051619,-3,C
5051619,-4,5
5051619,-5,0
5051619,-6,1
5051619,-7,X
5051619,-8,X
5051619,-9,C
5051619,-10,C
5051619,-11,C
5051619,-12,0
5051619,-13,0
5051619,-14,C
5051619,-15,0
5051619,-16,C
5051619,-17,0
5051619,-18,1
5051619,-19,0
5716634,0,X
5716634,-1,C
5716634,-2,C
5716634,-3,0
5716634,-4,X
5716634,-5,X
5716634,-6,C
5716634,-7,0
5716634,-8,0
5716634,-9,C
5716634,-10,X
5716634,-11,X
5716634,-12,C
5716634,-13,X
5716634,-14,C
5716634,-15,2
5716634,-16,0
5716634,-17,0
5793761,0,C
5793761,-1,X
5793761,-2,0
5793761,-3,0
5793761,-4,C
5793761,-5,X
5793761,-6,C
5793761,-7,0
5793761,-8,X
5793761,-9,C
5793761,-10,0
5793761,-11,C
5793761,-12,X
5793761,-13,C
5056318,0,C
5056318,-1,C
5056318,-2,0
5056318,-3,0
5056318,-4,0
5056318,-5,0
5056318,-6,1
5056318,-7,C
5056318,-8,C
5056318,-9,X
5004898,0,0
5004898,-1,C
5004898,-2,C
5004898,-3,0
5004898,-4,C
5004898,-5,C
5004898,-6,0
5004898,-7,3
5004898,-8,C
5004898,-9,0
5075776,0,0
5075776,-1,0
5075776,-2,0
5075776,-3,C
5075776,-4,X
5075776,-5,C
5075776,-6,1
5075776,-7,0
5075776,-8,C
5075776,-9,C
5075776,-10,0
5075776,-11,0
5075776,-12,0
5075776,-13,C
5075776,-14,C
5075776,-15,C
5075776,-16,0
5075776,-17,0
5075776,-18,X
5075776,-19,0
5075776,-20,C
5075776,-21,X
5075776,-22,C
5075776,-23,X
5658137,0,X
5658137,-1,C
5658137,-2,0
5658137,-3,C
5658137,-4,X
5658137,-5,C
5658137,-6,X
5658137,-7,0
5658137,-8,C
5658137,-9,X
5658137,-10,0
5658137,-11,0
5658137,-12,C
5658137,-13,C
5658137,-14,C
5658137,-15,C
5387911,0,C
5387911,-1,C
5387911,-2,C
5387911,-3,0
5387911,-4,0
5387911,-5,3
5387911,-6,C
5387911,-7,X
5387911,-8,C
5387911,-9,C
5387911,-10,0
5387911,-11,0
5387911,-12,0
5387911,-13,C
5387911,-14,0
5030981,0,1
5030981,-1,C
5030981,-2,0
5030981,-3,0
5030981,-4,X
5030981,-5,C
5030981,-6,C
5030981,-7,0
5030981,-8,C
5030981,-9,C
5030981,-10,C
5030981,-11,C
5030981,-12,X
5030981,-13,C
5030981,-14,X
5030981,-15,0
5030981,-16,0
5030981,-17,0
5030981,-18,C
5982471,0,C
5982471,-1,0
5982471,-2,X
5982471,-3,C
5982471,-4,C
5982471,-5,0
5982471,-6,X
5982471,-7,C
5982471,-8,0
5982471,-9,0
5982471,-10,1
5982471,-11,X
5982471,-12,0
5982471,-13,1
5982471,-14,1
5982471,-15,1
5982471,-16,0
5411755,0,0
5411755,-1,C
5602383,0,0
5602383,-1,C
5602383,-2,C
5602383,-3,C
5602383,-4,C
5602383,-5,C
5602383,-6,C
5602383,-7,0
5602383,-8,0
5602383,-9,C
5602383,-10,0
5602383,-11,0
5602383,-12,0
5602383,-13,C
5602383,-14,5
5602383,-15,0
5602383,-16,0
5602383,-17,C
5653725,0,0
5653725,-1,C
5653725,-2,1
5653725,-3,0
5653725,-4,C
5653725,-5,0
5653725,-6,0
5653725,-7,C
5653725,-8,0
5653725,-9,0
5653725,-10,C
5653725,-11,1
5653725,-12,1
5653725,-13,C
5653725,-14,C
5653725,-15,C
5653725,-16,0
5653725,-17,C
5653725,-18,0
5653725,-19,0
5653725,-20,0
5653725,-21,C
5653725,-22,0
5653725,-23,X
5182322,0,1
5182322,-1,0
5182322,-2,C
5182322,-3,0
5182322,-4,C
5182322,-5,0
5182322,-6,0
5182322,-7,C
5182322,-8,3
5182322,-9,C
5182322,-10,C
5182322,-11,C
5182322,-12,0
5997167,0,C
5997167,-1,5
5997167,-2,0
5997167,-3,0
5997167,-4,0
5632303,0,0
5632303,-1,C
5632303,-2,C
5632303,-3,X
5632303,-4,C
5632303,-5,3
5632303,-6,0
5632303,-7,0
5796040,0,0
5796040,-1,C
5663731,0,C
5663731,-1,0
5663731,-2,0
5663731,-3,0
5358246,0,C
5358246,-1,X
5358246,-2,0
5358246,-3,0
5358246,-4,0
5358246,-5,0
5358246,-6,1
5358246,-7,C
5439055,0,C
5439055,-1,C
5439055,-2,X
5439055,-3,1
5439055,-4,0
5439055,-5,1
5439055,-6,0
5439055,-7,0
5091889,0,0
5091889,-1,C
5091889,-2,C
5128051,0,0
5128051,-1,0
5128051,-2,C
5128051,-3,0
5128051,-4,C
5128051,-5,C
5128051,-6,0
5128051,-7,C
5128051,-8,C
5128051,-9,0
5128051,-10,C
5128051,-11,C
5422040,0,0
5422040,-1,C
5422040,-2,0
5422040,-3,1
5422040,-4,1
5422040,-5,0
5422040,-6,C
5422040,-7,0
5422040,-8,0
5422040,-9,0
5422040,-10,0
5422040,-11,0
5422040,-12,0
5422040,-13,X
5422040,-14,X
5422040,-15,C
5422040,-16,0
5422040,-17,0
5422040,-18,C
5422040,-19,C
5422040,-20,0
5422040,-21,C
5422040,-22,C
5617717,0,C
5617717,-1,C
5617717,-2,X
5617717,-3,X
5617717,-4,X
5617717,-5,0
5617717,-6,0
5617717,-7,1
5617717,-8,C
5617717,-9,C
5882362,0,0
5882362,-1,C
5882362,-2,C
5882362,-3,0
5882362,-4,C
5882362,-5,X
5882362,-6,0
5882362,-7,0
5882362,-8,C
5882362,-9,0
5882362,-10,C
5882362,-11,C
5882362,-12,0
5882362,-13,C
5882362,-14,C
5882362,-15,0
5882362,-16,C
5882362,-17,0
5882362,-18,1
5882362,-19,0
5882362,-20,0
5882362,-21,C
5882362,-22,C
5395036,0,0
5395036,-1,C
5395036,-2,0
5395036,-3,C
5395036,-4,2
5395036,-5,X
5395036,-6,C
5395036,-7,0
5395036,-8,0
5395036,-9,C
5395036,-10,C
5395036,-11,0
5395036,-12,C
5395036,-13,C
5395036,-14,0
5395036,-15,0
5395036,-16,C
5395036,-17,C
5395036,-18,X
5395036,-19,0
5426623,0,C
5426623,-1,1
5426623,-2,0
5426623,-3,0
5426623,-4,C
5426623,-5,2
5426623,-6,X
5426623,-7,C
5426623,-8,0
5426623,-9,C
5426623,-10,0
5426623,-11,X
5426623,-12,0
5426623,-13,C
5426623,-14,0
5426623,-15,0
5426623,-16,1
5461162,0,X
5461162,-1,0
5461162,-2,0
5461162,-3,C
5461162,-4,0
5461162,-5,0
5461162,-6,C
5461162,-7,X
5461162,-8,C
5912351,0,C
5912351,-1,0
5912351,-2,C
5912351,-3,C
5912351,-4,0
5912351,-5,C
5912351,-6,C
5912351,-7,0
5912351,-8,C
5912351,-9,0
5912351,-10,5
5912351,-11,C
5912351,-12,C
5912351,-13,X
5912351,-14,C
5912351,-15,X
5912351,-16,X
5904782,0,C
5904782,-1,C
5228564,0,C
5228564,-1,0
5228564,-2,0
5228564,-3,0
5228564,-4,C
5228564,-5,C
5228564,-6,C
5228564,-7,C
5228564,-8,0
5228564,-9,1
5228564,-10,0
5228564,-11,C
5228564,-12,0
5228564,-13,C
5228564,-14,0
5228564,-15,0
5228564,-16,C
5228564,-17,0
5228564,-18,C
5228564,-19,C
5228564,-20,0
5228564,-21,1
5056417,0,0
5056417,-1,C
5056417,-2,C
5056417,-3,0
5056417,-4,3
5056417,-5,X
5082033,0,C
5082033,-1,C
5082033,-2,C
5082033,-3,C
5082033,-4,0
5082033,-5,C
5082033,-6,C
5082033,-7,C
5104235,0,0
5104235,-1,C
5104235,-2,0
5104235,-3,0
5104235,-4,C
5104235,-5,X
5104235,-6,0
5104235,-7,0
5104235,-8,C
5104235,-9,0
5104235,-10,0
5104235,-11,C
5104235,-12,0
5125786,0,X
5125786,-1,0
5587547,0,0
5587547,-1,0
5587547,-2,C
5587547,-3,X
5587547,-4,0
5587547,-5,C
5587547,-6,C
5587547,-7,0
5587547,-8,0
5587547,-9,0
5294289,0,C
5294289,-1,X
5294289,-2,0
5294289,-3,C
5294289,-4,1
5294289,-5,C
5294289,-6,X
5294289,-7,X
5294289,-8,C
5294289,-9,0
5294289,-10,C
5294289,-11,C
5294289,-12,C
5294289,-13,C
5294289,-14,C
5294289,-15,C
5294289,-16,0
5294289,-17,C
5597964,0,0
5597964,-1,1
5597964,-2,0
5597964,-3,C
5597964,-4,1
5597964,-5,0
5597964,-6,C
5597964,-7,0
5597964,-8,0
5597964,-9,C
5597964,-10,C
5597964,-11,C
5597964,-12,C
5597964,-13,0
5597964,-14,1
5597964,-15,C
5597964,-16,4
5597964,-17,0
5597964,-18,0
5597964,-19,C
5597964,-20,C
5597964,-21,1
5597964,-22,0
5500046,0,C
5500046,-1,0
5500046,-2,0
5500046,-3,0
5500046,-4,C
5500046,-5,C
5500046,-6,0
5500046,-7,0
5500046,-8,C
5500046,-9,C
5500046,-10,C
5500046,-11,C
5500046,-12,C
5500046,-13,X
5500046,-14,0
5500046,-15,0
5500046,-16,0
5500046,-17,1
5500046,-18,C
5500046,-19,C
5500046,-20,C
5500046,-21,0
5500046,-22,C
5500046,-23,0
5431463,0,C
5431463,-1,C
5431463,-2,C
5431463,-3,1
5431463,-4,C
5431463,-5,0
5431463,-6,C
5431463,-7,0
5431463,-8,0
5431463,-9,C
5431463,-10,C
5431463,-11,0
5431463,-12,4
5431463,-13,C
5431463,-14,0
5431463,-15,C
5431463,-16,0
5431463,-17,0
5032826,0,1
5032826,-1,0
5032826,-2,0
5032826,-3,C
5032826,-4,C
5032826,-5,0
5032826,-6,0
5032826,-7,0
5032826,-8,0
5032826,-9,0
5032826,-10,0
5032826,-11,0
5032826,-12,0
5832556,0,X
5832556,-1,C
5832556,-2,C
5832556,-3,X
5832556,-4,1
5832556,-5,4
5832556,-6,C
5832556,-7,C
5832556,-8,C
5832556,-9,C
5832556,-10,0
5399337,0,C
5399337,-1,1
5399337,-2,0
5399337,-3,4
5399337,-4,0
5399337,-5,X
5399337,-6,0
5399337,-7,C
5399337,-8,0
5399337,-9,0
5399337,-10,C
5399337,-11,C
5399337,-12,C
5399337,-13,0
5399337,-14,0
5399337,-15,C
5399337,-16,X
5399337,-17,C
5870470,0,C
5870470,-1,X
5870470,-2,0
5870470,-3,0
5870470,-4,C
5870470,-5,X
5870470,-6,C
5870470,-7,1
5870470,-8,0
5870470,-9,0
5870470,-10,0
5870470,-11,1
5870470,-12,C
5870470,-13,0
5870470,-14,0
5870470,-15,0
5870470,-16,X
5870470,-17,C
5870470,-18,0
5870470,-19,0
5870470,-20,C
5870470,-21,0
5870470,-22,0
5301047,0,1
5301047,-1,C
5301047,-2,C
5301047,-3,C
5301047,-4,0
5301047,-5,X
5301047,-6,C
5185381,0,C
5185381,-1,C
5185381,-2,0
5185381,-3,X
5185381,-4,0
5185381,-5,0
5185381,-6,C
5185381,-7,0
5413554,0,C
5413554,-1,0
5413554,-2,0
5413554,-3,0
5413554,-4,0
5413554,-5,X
5413554,-6,C
5413554,-7,C
5413554,-8,X
5413554,-9,0
5413554,-10,0
5413554,-11,C
5413554,-12,C
5413554,-13,0
5413554,-14,C
5413554,-15,0
5413554,-16,0
5413554,-17,C
5413554,-18,0
5413554,-19,X
5413554,-20,1
5413554,-21,0
5413554,-22,C
5330235,0,0
5330235,-1,0
5330235,-2,1
5330235,-3,0
5330235,-4,C
5330235,-5,0
5330235,-6,0
5330235,-7,0
5330235,-8,0
5330235,-9,X
5330235,-10,0
5330235,-11,0
5330235,-12,X
5330235,-13,C
5330235,-14,C
5330235,-15,C
5330235,-16,0
5330235,-17,2
5330235,-18,1
5330235,-19,0
5330235,-20,C
5330235,-21,0
5330235,-22,0
5330235,-23,0
5738781,0,C
5738781,-1,C
5738781,-2,C
5738781,-3,0
5738781,-4,C
5738781,-5,X
5738781,-6,C
5738781,-7,C
5738781,-8,X
5738781,-9,0
5738781,-10,0
5738781,-11,0
5738781,-12,C
5738781,-13,0
5738781,-14,C
5738781,-15,0
5738781,-16,0
5738781,-17,1
5738781,-18,0
5738781,-19,C
5738781,-20,0
5738781,-21,1
5738781,-22,1
5738781,-23,C
5019609,0,C
5019609,-1,C
5019609,-2,1
5019609,-3,0
5019609,-4,C
5019609,-5,C
5019609,-6,C
5019609,-7,0
5019609,-8,X
5019609,-9,C
5019609,-10,X
5019609,-11,0
5019609,-12,0
5019609,-13,0
5019609,-14,0
5019609,-15,1
5019609,-16,0
5019609,-17,X
5019609,-18,1
5019609,-19,0
5019609,-20,1
5019609,-21,C
5019609,-22,C
5671361,0,0
5671361,-1,C
5671361,-2,C
5671361,-3,0
5671361,-4,0
5671361,-5,C
5671361,-6,X
5671361,-7,1
5671361,-8,0
5671361,-9,X
5671361,-10,C
5280531,0,0
5280531,-1,C
5280531,-2,C
5280531,-3,C
5280531,-4,X
5280531,-5,1
5280531,-6,X
5280531,-7,0
5280531,-8,0
5280531,-9,0
5280531,-10,C
5280531,-11,0
5280531,-12,0
5280531,-13,0
5280531,-14,2
5280531,-15,0
5280531,-16,0
5848987,0,C
5848987,-1,C
5192366,0,0
5192366,-1,C
5192366,-2,C
5568760,0,0
5568760,-1,C
5568760,-2,C
5801372,0,3
5801372,-1,0
5801372,-2,C
5801372,-3,X
5801372,-4,5
5801372,-5,0
5801372,-6,C
5801372,-7,C
5801372,-8,0
5801372,-9,0
5801372,-10,C
5801372,-11,C
5801372,-12,1
5801372,-13,0
5801372,-14,C
5801372,-15,C
5801372,-16,0
5801372,-17,C
5461961,0,0
5461961,-1,C
5461961,-2,C
5461961,-3,1
5461961,-4,C
5461961,-5,1
5461961,-6,1
5173515,0,C
5173515,-1,0
5173515,-2,0
5173515,-3,C
5173515,-4,0
5173515,-5,C
5173515,-6,X
5173515,-7,C
5173515,-8,0
5173515,-9,C
5173515,-10,C
5173515,-11,C
5173515,-12,0
5173515,-13,0
5173515,-14,0
5482671,0,0
5482671,-1,1
5482671,-2,0
5482671,-3,C
5482671,-4,0
5482671,-5,C
5482671,-6,0
5482671,-7,C
5482671,-8,0
5482671,-9,C
5482671,-10,C
5482671,-11,C
5482671,-12,X
5482671,-13,C
5482671,-14,0
5482671,-15,0
5482671,-16,0
5482671,-17,0
5482671,-18,C
5482671,-19,C
5482671,-20,X
5482671,-21,C
5482671,-22,C
5283999,0,0
5283999,-1,0
5283999,-2,0
5283999,-3,2
5283999,-4,C
5640054,0,0
5640054,-1,0
5640054,-2,C
5640054,-3,5
5640054,-4,C
5640054,-5,C
5640054,-6,0
5640054,-7,C
5640054,-8,0
5640054,-9,0
5640054,-10,0
5640054,-11,C
5640054,-12,C
5640054,-13,C
5640054,-14,0
5640054,-15,0
5640054,-16,C
5719550,0,C
5719550,-1,0
5719550,-2,C
5719550,-3,0
5719550,-4,C
5719550,-5,C
5719550,-6,2
5719550,-7,C
5719550,-8,C
5719550,-9,C
5719550,-10,2
5719550,-11,C
5719550,-12,C
5719550,-13,C
5719550,-14,C
5719550,-15,C
5719550,-16,X
5587408,0,0
5587408,-1,C
5587408,-2,0
5587408,-3,0
5587408,-4,0
5587408,-5,1
5620175,0,C
5620175,-1,1
5620175,-2,0
5620175,-3,0
5333676,0,0
5333676,-1,C
5333676,-2,C
5333676,-3,0
5333676,-4,C
5333676,-5,C
5333676,-6,0
5333676,-7,0
5333676,-8,0
5333676,-9,0
5333676,-10,0
5816029,0,C
5816029,-1,C
5816029,-2,0
5816029,-3,0
5816029,-4,0
5816029,-5,C
5816029,-6,4
5816029,-7,0
5816029,-8,1
5816029,-9,3
5816029,-10,0
5816029,-11,C
5816029,-12,C
5816029,-13,C
5816029,-14,0
5816029,-15,0
5816029,-16,1
5816029,-17,C
5797881,0,C
5797881,-1,C
5797881,-2,C
5797881,-3,C
5797881,-4,C
5797881,-5,C
5797881,-6,C
5797881,-7,C
5797881,-8,C
5797881,-9,C
5797881,-10,C
5797881,-11,0
5797881,-12,C
5797881,-13,C
5797881,-14,C
5797881,-15,C
5797881,-16,C
5797881,-17,C
5797881,-18,0
5797881,-19,C
5797881,-20,0
5597552,0,C
5597552,-1,C
5597552,-2,0
5597552,-3,C
5390350,0,0
5390350,-1,0
5390350,-2,C
5390350,-3,C
5390350,-4,0
5390350,-5,X
5390350,-6,C
5390350,-7,C
5390350,-8,C
5505380,0,5
5505380,-1,X
5505380,-2,0
5505380,-3,0
5505380,-4,4
5505380,-5,0
5505380,-6,C
5505380,-7,0
5437248,0,1
5437248,-1,C
5437248,-2,0
5437248,-3,0
5437248,-4,C
5437248,-5,C
5437248,-6,0
5437248,-7,0
5437248,-8,0
5437248,-9,X
5437248,-10,C
5437248,-11,C
5437248,-12,0
5437248,-13,C
5437248,-14,C
5437248,-15,C
5437248,-16,2
5437248,-17,0
5437248,-18,X
5437248,-19,0
5437248,-20,0
5437248,-21,0
5437248,-22,C
5756450,0,0
5756450,-1,C
5756450,-2,0
5756450,-3,0
5756450,-4,0
5756450,-5,C
5756450,-6,X
5756450,-7,X
5756450,-8,C
5756450,-9,C
5756450,-10,C
5756450,-11,C
5756450,-12,0
5756450,-13,2
5756450,-14,C
5756450,-15,C
5756450,-16,C
5756450,-17,C
5756450,-18,C
5756450,-19,0
5756450,-20,0
5756450,-21,0
5756450,-22,C
5756450,-23,0
5469957,0,0
5469957,-1,C
5469957,-2,0
5469957,-3,C
5469957,-4,X
5469957,-5,X
5469957,-6,C
5469957,-7,C
5469957,-8,C
5469957,-9,0
5469957,-10,0
5469957,-11,0
5469957,-12,0
5469957,-13,0
5031741,0,0
5031741,-1,C
5031741,-2,C
5655982,0,0
5655982,-1,X
5655982,-2,0
5655982,-3,0
5655982,-4,0
5655982,-5,C
5655982,-6,C
5655982,-7,0
5655982,-8,1
5655982,-9,C
5655982,-10,0
5655982,-11,X
5655982,-12,C
5655982,-13,0
5655982,-14,C
5655982,-15,0
5655982,-16,C
5655982,-17,0
5655982,-18,C
5655982,-19,C
5655982,-20,5
5060912,0,C
5060912,-1,X
5060912,-2,C
5060912,-3,C
5060912,-4,2
5060912,-5,C
5060912,-6,0
5644497,0,C
5644497,-1,0
5644497,-2,X
5644497,-3,0
5644497,-4,C
5644497,-5,0
5644497,-6,0
5644497,-7,C
5644497,-8,0
5644497,-9,C
5644497,-10,1
5644497,-11,0
5644497,-12,C
5644497,-13,C
5644497,-14,C
5644497,-15,0
5644497,-16,4
5644497,-17,C
5117690,0,C
5117690,-1,C
5117690,-2,0
5117690,-3,3
5117690,-4,C
5117690,-5,X
5117690,-6,1
5117690,-7,C
5117690,-8,3
5117690,-9,0
5117690,-10,C
5117690,-11,0
5117690,-12,C
5117690,-13,C
5117690,-14,5
5117690,-15,C
5117690,-16,C
5117690,-17,0
5117690,-18,C
5117690,-19,C
5001238,0,C
5001238,-1,0
5001238,-2,0
5001238,-3,C
5001238,-4,C
5001238,-5,C
5001238,-6,X
5001238,-7,C
5001238,-8,0
5001238,-9,0
5001238,-10,0
5001238,-11,X
5001238,-12,C
5001238,-13,0
5001238,-14,X
5001238,-15,C
5001238,-16,C
5001238,-17,0
5001238,-18,C
5001238,-19,1
5001238,-20,X
5001238,-21,0
5001238,-22,1
5697338,0,X
5697338,-1,0
5697338,-2,X
5697338,-3,C
5697338,-4,0
5697338,-5,C
5697338,-6,0
5755120,0,C
5755120,-1,0
5755120,-2,C
5755120,-3,0
5755120,-4,C
5755120,-5,C
5755120,-6,X
5977500,0,C
5977500,-1,C
5977500,-2,C
5977500,-3,C
5977500,-4,C
5977500,-5,0
5970136,0,0
5970136,-1,C
5970136,-2,0
5212250,0,1
5212250,-1,0
5212250,-2,0
5212250,-3,C
5212250,-4,X
5212250,-5,C
5137306,0,0
5137306,-1,0
5137306,-2,0
5137306,-3,0
5137306,-4,C
5137306,-5,C
5137306,-6,0
5137306,-7,0
5137306,-8,C
5137306,-9,X
5137306,-10,0
5137306,-11,0
5137306,-12,0
5137306,-13,C
5137306,-14,C
5887311,0,0
5887311,-1,C
5887311,-2,X
5887311,-3,0
5887311,-4,X
5887311,-5,C
5887311,-6,1
5887311,-7,0
5659639,0,C
5659639,-1,C
5659639,-2,0
5659639,-3,C
5659639,-4,X
5659639,-5,0
5659639,-6,0
5659639,-7,X
5659639,-8,C
5659639,-9,0
5659639,-10,C
5659639,-11,0
5659639,-12,C
5659639,-13,C
5659639,-14,C
5659639,-15,X
5659639,-16,X
5659639,-17,0
5751168,0,0
5751168,-1,C
5751168,-2,0
5751168,-3,C
5751168,-4,0
5751168,-5,0
5751168,-6,0
5751168,-7,C
5751168,-8,C
5751168,-9,0
5751168,-10,0
5751168,-11,X
5751168,-12,C
5751168,-13,4
5751168,-14,0
5751168,-15,C
5751168,-16,0
5751168,-17,0
5751168,-18,C
5751168,-19,0
5751168,-20,1
5751168,-21,C
5561974,0,1
5561974,-1,C
5561974,-2,C
5561974,-3,C
5561974,-4,C
5561974,-5,X
5561974,-6,0
5561974,-7,X
5561974,-8,C
5561974,-9,C
5561974,-10,C
5561974,-11,2
5561974,-12,0
5561974,-13,C
5561974,-14,C
5561974,-15,0
5561974,-16,0
5561974,-17,0
5561974,-18,0
5561974,-19,X
5696231,0,C
5696231,-1,0
5696231,-2,C
5696231,-3,0
5696231,-4,X
5696231,-5,C
5696231,-6,0
5696231,-7,C
5696231,-8,C
5696231,-9,C
5696231,-10,X
5696231,-11,C
5696231,-12,C
5696231,-13,C
5696231,-14,1
5696231,-15,C
5696231,-16,C
5696231,-17,X
5696231,-18,C
5696231,-19,C
5696231,-20,C
5696231,-21,X
5696231,-22,C
5696231,-23,0
5991351,0,0
5991351,-1,X
5991351,-2,1
5991351,-3,C
5991351,-4,X
5991351,-5,X
5991351,-6,C
5991351,-7,4
5991351,-8,X
5991351,-9,C
5991351,-10,0
5991351,-11,C
5991351,-12,C
5991351,-13,0
5523262,0,C
5523262,-1,C
5523262,-2,C
5523262,-3,0
5523262,-4,C
5523262,-5,C
5523262,-6,C
5523262,-7,X
5110338,0,C
5110338,-1,1
5110338,-2,0
5110338,-3,0
5110338,-4,C
5110338,-5,C
5110338,-6,C
5110338,-7,0
5110338,-8,C
5110338,-9,X
5110338,-10,C
5110338,-11,0
5110338,-12,0
5110338,-13,0
5110338,-14,X
5110338,-15,C
5110338,-16,C
5110338,-17,C
5110338,-18,1
5110338,-19,0
5392357,0,C
5392357,-1,0
5392357,-2,0
5392357,-3,1
5392357,-4,C
5392357,-5,X
5392357,-6,0
5698918,0,C
5698918,-1,3
5698918,-2,0
5698918,-3,X
5698918,-4,C
5698918,-5,C
5698918,-6,1
5698918,-7,X
5698918,-8,X
5698918,-9,X
5698918,-10,X
5929485,0,0
5929485,-1,2
5929485,-2,X
5033200,0,C
5033200,-1,C
5033200,-2,C
5033200,-3,C
5033200,-4,0
5033200,-5,0
5033200,-6,0
5033200,-7,0
5033200,-8,0
5033200,-9,X
5033200,-10,X
5033200,-11,0
5641021,0,0
5641021,-1,0
5641021,-2,C
5641021,-3,0
5641021,-4,C
5641021,-5,C
5641021,-6,0
5641021,-7,0
5641021,-8,0
5641021,-9,0
5641021,-10,0
5641021,-11,C
5641021,-12,X
5641021,-13,0
5641021,-14,0
5641021,-15,0
5641021,-16,C
5641021,-17,C
5641021,-18,0
5641021,-19,C
5641021,-20,C
5641021,-21,0
5815746,0,X
5815746,-1,0
5815746,-2,C
5815746,-3,C
5815746,-4,C
5815746,-5,0
5815746,-6,0
5815746,-7,0
5815746,-8,C
5815746,-9,X
5815746,-10,0
5815746,-11,C
5815746,-12,X
5815746,-13,X
5815746,-14,0
5815746,-15,C
5815746,-16,C
5815746,-17,0
5815746,-18,0
5815746,-19,0
5815746,-20,X
5815746,-21,C
5118842,0,1
5118842,-1,0
5118842,-2,C
5118842,-3,C
5118842,-4,0
5118842,-5,0
5118842,-6,0
5118842,-7,X
5118842,-8,0
5118842,-9,C
5118842,-10,0
5118842,-11,C
5118842,-12,C
5118842,-13,1
5118842,-14,0
5118842,-15,C
5118842,-16,0
5118842,-17,0
5118842,-18,0
5118842,-19,1
5118842,-20,3
5118842,-21,0
5118842,-22,0
5340024,0,0
5340024,-1,C
5340024,-2,X
5340024,-3,X
5340024,-4,C
5340024,-5,0
5340024,-6,X
5340024,-7,1
5340024,-8,C
5340024,-9,0
5340024,-10,0
5340024,-11,1
5340024,-12,5
5340024,-13,0
5340024,-14,C
5340024,-15,C
5340024,-16,1
5340024,-17,X
5340024,-18,0
5340024,-19,X
5340024,-20,C
5340024,-21,X
5914888,0,C
5914888,-1,2
5914888,-2,C
5914888,-3,X
5914888,-4,0
5914888,-5,0
5914888,-6,0
5914888,-7,1
5914888,-8,C
5914888,-9,0
5914888,-10,0
5914888,-11,C
5914888,-12,X
5914888,-13,C
5914888,-14,0
5773172,0,C
5773172,-1,X
5773172,-2,3
5773172,-3,C
5773172,-4,0
5773172,-5,0
5773172,-6,C
5773172,-7,C
5773172,-8,C
5773172,-9,X
5773172,-10,C
5773172,-11,0
5773172,-12,C
5773172,-13,0
5773172,-14,0
5773172,-15,C
5773172,-16,1
5773172,-17,1
5773172,-18,C
5773172,-19,0
5201231,0,0
5201231,-1,C
5201231,-2,0
5201231,-3,C
5201231,-4,0
5201231,-5,C
5201231,-6,C
5201231,-7,X
5201231,-8,0
5855307,0,X
5855307,-1,C
5855307,-2,0
5855307,-3,C
5855307,-4,0
5855307,-5,0
5855307,-6,0
5855307,-7,C
5855307,-8,0
5855307,-9,0
5855307,-10,C
5855307,-11,0
5855307,-12,C
5953331,0,0
5953331,-1,0
5953331,-2,0
5953331,-3,C
5953331,-4,X
5834661,0,0
5834661,-1,C
5834661,-2,0
5834661,-3,C
5834661,-4,0
5834661,-5,X
5834661,-6,C
5834661,-7,C
5834661,-8,C
5834661,-9,C
5834661,-10,0
5834661,-11,1
5834661,-12,C
5834661,-13,C
5834661,-14,1
5834661,-15,0
5552547,0,C
5552547,-1,0
5552547,-2,C
5552547,-3,X
5552547,-4,X
5552547,-5,0
5302266,0,0
5302266,-1,C
5302266,-2,0
5302266,-3,C
5454552,0,C
5454552,-1,0
5454552,-2,C
5454552,-3,0
5441909,0,C
5441909,-1,0
5441909,-2,C
5441909,-3,0
5441909,-4,0
5441909,-5,0
5441909,-6,0
5441909,-7,C
5441909,-8,X
5441909,-9,0
5441909,-10,0
5441909,-11,C
5441909,-12,0
5354858,0,0
5354858,-1,0
5354858,-2,0
5354858,-3,X
5354858,-4,C
5354858,-5,1
5354858,-6,X
5354858,-7,1
5354858,-8,0
5354858,-9,0
5354858,-10,0
5354858,-11,C
5354858,-12,0
5354858,-13,C
5354858,-14,C
5354858,-15,0
5354858,-16,0
5354858,-17,C
5516705,0,X
5516705,-1,X
5516705,-2,0
5516705,-3,0
5516705,-4,C
5516705,-5,C
5516705,-6,C
5516705,-7,C
5516705,-8,0
5516705,-9,0
5516705,-10,0
5516705,-11,0
5516705,-12,C
5516705,-13,C
5516705,-14,C
5516705,-15,0
5516705,-16,C
5516705,-17,0
5516705,-18,X
5516705,-19,0
5516705,-20,1
5556874,0,0
5556874,-1,X
5556874,-2,C
5556874,-3,C
5556874,-4,C
5556874,-5,0
5556874,-6,0
5556874,-7,0
5556874,-8,X
5556874,-9,0
5688931,0,C
5688931,-1,C
5688931,-2,C
5688931,-3,0
5688931,-4,C
5688931,-5,0
5688931,-6,0
5688931,-7,0
5688931,-8,C
5688931,-9,0
5318941,0,C
5318941,-1,C
5318941,-2,X
5457101,0,0
5457101,-1,0
5457101,-2,0
5457101,-3,C
5457101,-4,0
5457101,-5,0
5457101,-6,C
5457101,-7,1
5457101,-8,X
5457101,-9,0
5457101,-10,0
5457101,-11,0
5457101,-12,0
5457101,-13,C
5457101,-14,C
5457101,-15,C
5457101,-16,0
5457101,-17,0
5457101,-18,0
5457101,-19,C
5457101,-20,C
5457101,-21,0
5457101,-22,0
5129818,0,0
5129818,-1,C
5451079,0,C
5451079,-1,C
5451079,-2,C
5451079,-3,0
5451079,-4,0
5451079,-5,0
5451079,-6,C
5451079,-7,C
5451079,-8,X
5451079,-9,0
5451079,-10,1
5451079,-11,C
5451079,-12,X
5451079,-13,X
5451079,-14,C
5159355,0,0
5159355,-1,X
5159355,-2,C
5159355,-3,0
5159355,-4,0
5159355,-5,C
5159355,-6,1
5159355,-7,1
5159355,-8,C
5920175,0,C
5654624,0,0
5654624,-1,C
5654624,-2,0
5654624,-3,C
5654624,-4,0
5654624,-5,0
5654624,-6,C
5654624,-7,C
5654624,-8,X
5654624,-9,0
5654624,-10,C
5654624,-11,1
5654624,-12,C
5654624,-13,0
5654624,-14,C
5671925,0,0
5671925,-1,C
5671925,-2,0
5671925,-3,0
5671925,-4,0
5671925,-5,X
5671925,-6,C
5671925,-7,0
5671925,-8,0
5671925,-9,X
5671925,-10,1
5671925,-11,C
5671925,-12,0
5671925,-13,1
5671925,-14,0
5671925,-15,C
5671925,-16,0
5671925,-17,C
5671925,-18,0
5671925,-19,C
5177137,0,0
5177137,-1,5
5177137,-2,C
5610458,0,0
5610458,-1,C
5610458,-2,0
5610458,-3,C
5610458,-4,C
5610458,-5,C
5610458,-6,0
5610458,-7,X
5610458,-8,0
5610458,-9,0
5610458,-10,0
5610458,-11,0
5610458,-12,0
5610458,-13,C
5610458,-14,2
5610458,-15,C
5610458,-16,0
5894678,0,C
5894678,-1,0
5894678,-2,0
5894678,-3,0
5894678,-4,C
5894678,-5,1
5894678,-6,C
5894678,-7,0
5929224,0,0
5929224,-1,1
5929224,-2,X
5929224,-3,C
5929224,-4,0
5929224,-5,1
5929224,-6,C
5929224,-7,3
5929224,-8,4
5929224,-9,0
5929224,-10,0
5929224,-11,0
5929224,-12,X
5017646,0,1
5017646,-1,0
5017646,-2,C
5017646,-3,C
5017646,-4,0
5017646,-5,0
5017646,-6,C
5017646,-7,X
5017646,-8,C
5017646,-9,X
5017646,-10,0
5017646,-11,X
5017646,-12,0
5017646,-13,C
5017646,-14,C
5096997,0,0
5096997,-1,0
5096997,-2,C
5096997,-3,0
5096997,-4,0
5096997,-5,0
5096997,-6,0
5096997,-7,0
5096997,-8,0
5096997,-9,C
5096997,-10,X
5096997,-11,C
5096997,-12,C
5096997,-13,1
5096997,-14,0
5096997,-15,0
5096997,-16,X
5096997,-17,1
5096997,-18,C
5096997,-19,C
5096997,-20,X
5096997,-21,0
5096997,-22,0
5597585,0,C
5597585,-1,C
5597585,-2,C
5597585,-3,0
5597585,-4,0
5597585,-5,0
5597585,-6,C
5367836,0,C
5367836,-1,0
5367836,-2,C
5367836,-3,C
5367836,-4,C
5367836,-5,C
5367836,-6,C
5367836,-7,X
5367836,-8,1
5367836,-9,C
5896827,0,0
5896827,-1,0
5896827,-2,0
5896827,-3,C
5896827,-4,C
5896827,-5,0
5896827,-6,0
5896827,-7,C
5896827,-8,C
5896827,-9,1
5896827,-10,0
5896827,-11,C
5896827,-12,C
5896827,-13,C
5896827,-14,0
5896827,-15,C
5002362,0,0
5002362,-1,0
5002362,-2,3
5002362,-3,C
5002362,-4,0
5235879,0,X
5235879,-1,C
5235879,-2,C
5235879,-3,0
5235879,-4,0
5235879,-5,C
5235879,-6,C
5235879,-7,C
5235879,-8,C
5235879,-9,X
5235879,-10,C
5235879,-11,C
5235879,-12,0
5235879,-13,0
5235879,-14,0
5235879,-15,C
5235879,-16,0
5235879,-17,C
5235879,-18,0
5235879,-19,C
5235879,-20,C
5235879,-21,C
5235879,-22,0
5235879,-23,C
5000916,0,4
5000916,-1,0
5000916,-2,0
5000916,-3,C
5000916,-4,1
5000916,-5,X
5000916,-6,0
5887064,0,X
5887064,-1,0
5887064,-2,0
5887064,-3,C
5887064,-4,C
5887064,-5,X
5887064,-6,0
5887064,-7,1
5887064,-8,C
5887064,-9,0
5887064,-10,0
5887064,-11,C
5887064,-12,C
5887064,-13,C
5887064,-14,0
5887064,-15,0
5887064,-16,0
5887064,-17,0
5887064,-18,0
5887064,-19,X
5887064,-20,C
5887064,-21,X
5960536,0,C
5960536,-1,C
5960536,-2,C
5242022,0,0
5242022,-1,0
5242022,-2,0
5242022,-3,C
5242022,-4,C
5242022,-5,C
5242022,-6,0
5242022,-7,C
5242022,-8,0
5000078,0,0
5964628,0,C
5964628,-1,1
5964628,-2,0
5964628,-3,C
5964628,-4,0
5964628,-5,X
5964628,-6,C
5964628,-7,0
5964628,-8,C
5964628,-9,0
5964628,-10,C
5964628,-11,C
5964628,-12,0
5964628,-13,0
5964628,-14,X
5964628,-15,C
5964628,-16,0
5964628,-17,C
5964628,-18,0
5964628,-19,C
5739481,0,0
5739481,-1,0
5739481,-2,C
5739481,-3,0
5739481,-4,1
5739481,-5,0
5739481,-6,0
5739481,-7,C
5739481,-8,0
5739481,-9,C
5739481,-10,0
5739481,-11,0
5739481,-12,0
5828825,0,0
5828825,-1,C
5828825,-2,C
5828825,-3,0
5828825,-4,C
5828825,-5,0
5828825,-6,0
5828825,-7,C
5828825,-8,C
5828825,-9,2
5828825,-10,0
5828825,-11,0
5828825,-12,0
5828825,-13,0
5828825,-14,C
5828825,-15,C
5828825,-16,5
5487124,0,0
5487124,-1,C
5487124,-2,0
5487124,-3,4
5487124,-4,0
5487124,-5,0
5487124,-6,X
5487124,-7,C
5487124,-8,0
5487124,-9,0
5487124,-10,X
5487124,-11,C
5487124,-12,0
5487124,-13,C
5351344,0,C
5351344,-1,0
5351344,-2,C
5351344,-3,0
5351344,-4,X
5351344,-5,5
5351344,-6,C
5351344,-7,0
5351344,-8,0
5351344,-9,X
5351344,-10,0
5351344,-11,C
5351344,-12,C
5351344,-13,0
5328600,0,0
5328600,-1,4
5328600,-2,0
5328600,-3,C
5328600,-4,1
5328600,-5,1
5328600,-6,X
5328600,-7,0
5328600,-8,0
5328600,-9,0
5328600,-10,X
5328600,-11,0
5328600,-12,0
5328600,-13,0
5328600,-14,C
5328600,-15,C
5803976,0,0
5803976,-1,0
5803976,-2,X
5803976,-3,X
5803976,-4,C
5803976,-5,C
5803976,-6,1
5803976,-7,C
5803976,-8,C
5803976,-9,C
5803976,-10,C
5803976,-11,C
5803976,-12,0
5803976,-13,X
5934288,0,C
5934288,-1,X
5934288,-2,C
5468410,0,C
5468410,-1,0
5468410,-2,C
5468410,-3,X
5468410,-4,0
5468410,-5,C
5468410,-6,C
5468410,-7,0
5504626,0,X
5504626,-1,C
5504626,-2,C
5504626,-3,X
5504626,-4,C
5504626,-5,0
5504626,-6,C
5504626,-7,0
5504626,-8,0
5504626,-9,5
5504626,-10,0
5504626,-11,0
5504626,-12,X
5504626,-13,C
5504626,-14,C
5504626,-15,0
5504626,-16,C
5878973,0,C
5878973,-1,0
5878973,-2,C
5878973,-3,X
5878973,-4,0
5878973,-5,C
5878973,-6,0
5878973,-7,5
5878973,-8,0
5878973,-9,0
5878973,-10,1
5878973,-11,0
5878973,-12,1
5620298,0,0
5620298,-1,0
5620298,-2,0
5620298,-3,X
5620298,-4,1
5572616,0,C
5572616,-1,1
5572616,-2,X
5572616,-3,C
5572616,-4,X
5572616,-5,1
5572616,-6,C
5572616,-7,C
5572616,-8,1
5572616,-9,C
5572616,-10,0
5004729,0,C
5004729,-1,0
5004729,-2,0
5004729,-3,C
5004729,-4,0
5004729,-5,0
5004729,-6,0
5004729,-7,C
5684250,0,0
5684250,-1,C
5684250,-2,X
5684250,-3,C
5684250,-4,0
5684250,-5,C
5684250,-6,1
5684250,-7,C
5684250,-8,0
5684250,-9,1
5684250,-10,C
5684250,-11,C
5684250,-12,C
5684250,-13,X
5684250,-14,C
5684250,-15,C
5684250,-16,0
5018373,0,C
5018373,-1,C
5018373,-2,C
5018373,-3,0
5018373,-4,0
5018373,-5,0
5018373,-6,0
5018373,-7,C
5018373,-8,0
5018373,-9,C
5018373,-10,C
5018373,-11,X
5018373,-12,C
5284414,0,0
5284414,-1,C
5284414,-2,0
5284414,-3,C
5284414,-4,0
5284414,-5,0
5284414,-6,C
5284414,-7,C
5284414,-8,0
5284414,-9,0
5284414,-10,0
5284414,-11,0
5284414,-12,C
5284414,-13,C
5284414,-14,3
5284414,-15,0
5284414,-16,C
5284414,-17,0
5284414,-18,0
5510305,0,X
5510305,-1,4
5510305,-2,0
5510305,-3,0
5510305,-4,0
5510305,-5,4
5428730,0,0
5428730,-1,0
5428730,-2,C
5750650,0,1
5750650,-1,0
5750650,-2,0
5750650,-3,C
5750650,-4,C
5750650,-5,3
5750650,-6,X
5750650,-7,0
5750650,-8,0
5750650,-9,0
5750650,-10,0
5750650,-11,C
5750650,-12,C
5750650,-13,0
5750650,-14,0
5147156,0,X
5147156,-1,1
5147156,-2,C
5147156,-3,1
5147156,-4,0
5147156,-5,C
5147156,-6,C
5147156,-7,C
5147156,-8,C
5147156,-9,C
5147156,-10,0
5147156,-11,C
5147156,-12,0
5147156,-13,C
5147156,-14,C
5147156,-15,C
5147156,-16,0
5147156,-17,C
5147156,-18,0
5147156,-19,C
5147156,-20,C
5147156,-21,C
5147156,-22,C
5625674,0,0
5625674,-1,C
5625674,-2,0
5625674,-3,5
5625674,-4,C
5625674,-5,C
5625674,-6,0
5625674,-7,X
5625674,-8,0
5625674,-9,1
5625674,-10,2
5625674,-11,0
5625674,-12,0
5625674,-13,X
5625674,-14,C
5625674,-15,0
5625674,-16,C
5625674,-17,C
5625674,-18,C
5549274,0,0
5549274,-1,0
5549274,-2,0
5549274,-3,C
5549274,-4,0
5549274,-5,1
5549274,-6,C
5549274,-7,0
5549274,-8,C
5549274,-9,C
5549274,-10,0
5549274,-11,0
5549274,-12,C
5549274,-13,X
5541130,0,C
5541130,-1,0
5541130,-2,0
5541130,-3,0
5541130,-4,0
5541130,-5,C
5811161,0,C
5811161,-1,0
5811161,-2,C
5811161,-3,0
5811161,-4,1
5811161,-5,C
5811161,-6,0
5427873,0,0
5427873,-1,C
5427873,-2,C
5427873,-3,0
5508393,0,X
5508393,-1,C
5508393,-2,X
5508393,-3,0
5508393,-4,0
5508393,-5,0
5508393,-6,0
5508393,-7,0
5508393,-8,0
5508393,-9,0
5508393,-10,C
5413323,0,C
5413323,-1,0
5413323,-2,0
5413323,-3,X
5413323,-4,C
5413323,-5,1
5413323,-6,C
5413323,-7,X
5413323,-8,0
5413323,-9,C
5413323,-10,X
5413323,-11,C
5413323,-12,C
5413323,-13,C
5413323,-14,C
5413323,-15,4
5413323,-16,X
5413323,-17,C
5413323,-18,C
5413323,-19,X
5212178,0,0
5212178,-1,X
5212178,-2,C
5212178,-3,C
5212178,-4,X
5212178,-5,2
5212178,-6,C
5212178,-7,0
5212178,-8,3
5467406,0,0
5467406,-1,0
5467406,-2,0
5467406,-3,0
5467406,-4,X
5467406,-5,0
5859498,0,0
5859498,-1,1
5859498,-2,X
5859498,-3,C
5859498,-4,C
5859498,-5,C
5859498,-6,0
5859498,-7,0
5859498,-8,C
5859498,-9,1
5859498,-10,0
5859498,-11,X
5859498,-12,C
5219804,0,C
5219804,-1,0
5219804,-2,0
5219804,-3,2
5219804,-4,C
5219804,-5,C
5219804,-6,C
5219804,-7,C
5219804,-8,C
5219804,-9,0
5219804,-10,C
5219804,-11,1
5219804,-12,C
5219804,-13,C
5219804,-14,C
5219804,-15,0
5219804,-16,X
5219804,-17,0
5219804,-18,X
5219804,-19,4
5219804,-20,C
5219804,-21,0
5219804,-22,C
5219804,-23,C
5245874,0,X
5245874,-1,1
5087946,0,0
5087946,-1,0
5017237,0,C
5017237,-1,0
5017237,-2,1
5017237,-3,C
5017237,-4,C
5017237,-5,X
5017237,-6,X
5017237,-7,1
5017237,-8,0
5017237,-9,C
5017237,-10,X
5017237,-11,0
5017237,-12,C
5017237,-13,C
5017237,-14,C
5017237,-15,C
5017237,-16,0
5017237,-17,C
5017237,-18,X
5017237,-19,0
5413234,0,0
5413234,-1,C
5413234,-2,C
5413234,-3,X
5413234,-4,X
5964801,0,C
5964801,-1,C
5964801,-2,0
5964801,-3,0
5964801,-4,0
5964801,-5,X
5964801,-6,0
5964801,-7,C
5964801,-8,C
5964801,-9,0
5964801,-10,X
5964801,-11,0
5964801,-12,X
5964801,-13,3
5964801,-14,X
5964801,-15,C
5964801,-16,X
5964801,-17,C
5964801,-18,3
5964801,-19,C
5964801,-20,0
5964801,-21,0
5231025,0,0
5231025,-1,C
5231025,-2,0
5231025,-3,C
5231025,-4,0
5231025,-5,0
5231025,-6,C
5231025,-7,0
5231025,-8,C
5043530,0,0
5043530,-1,X
5135120,0,X
5135120,-1,X
5135120,-2,C
5135120,-3,0
5135120,-4,X
5135120,-5,C
5135120,-6,C
5135120,-7,0
5135120,-8,0
5135120,-9,C
5135120,-10,0
5135120,-11,C
5135120,-12,0
5135120,-13,C
5135120,-14,3
5386099,0,C
5386099,-1,0
5386099,-2,0
5386099,-3,0
5386099,-4,0
5386099,-5,C
5386099,-6,C
5386099,-7,0
5386099,-8,0
5386099,-9,0
5386099,-10,0
5386099,-11,0
5386099,-12,C
5386099,-13,X
5386099,-14,5
5386099,-15,C
5328849,0,C
5328849,-1,C
5328849,-2,C
5328849,-3,0
5328849,-4,C
5328849,-5,C
5328849,-6,C
5328849,-7,0
5328849,-8,0
5328849,-9,0
5328849,-10,C
5328849,-11,0
5328849,-12,0
5328849,-13,C
5328849,-14,C
5328849,-15,0
5328849,-16,C
5328849,-17,0
5328849,-18,C
5328849,-19,X
5328849,-20,X
5093742,0,C
5093742,-1,0
5093742,-2,X
5093742,-3,0
5093742,-4,0
5093742,-5,0
5093742,-6,C
5093742,-7,0
5093742,-8,C
5093742,-9,C
5093742,-10,X
5093742,-11,C
5093742,-12,5
5093742,-13,C
5093742,-14,0
5093742,-15,0
5235820,0,0
5235820,-1,X
5235820,-2,0
5235820,-3,0
5235820,-4,0
5235820,-5,C
5235820,-6,0
5235820,-7,C
5235820,-8,C
5235820,-9,0
5235820,-10,0
5235820,-11,0
5235820,-12,X
5235820,-13,C
5169479,0,X
5169479,-1,0
5169479,-2,X
5169479,-3,3
5169479,-4,1
5169479,-5,C
5169479,-6,1
5169479,-7,0
5169479,-8,0
5169479,-9,C
5169479,-10,0
5169479,-11,4
5169479,-12,C
5169479,-13,0
5169479,-14,0
5169479,-15,C
5169479,-16,0
5169479,-17,5
5169479,-18,C
5169479,-19,C
5169479,-20,0
5169479,-21,C
5169479,-22,0
5169479,-23,0
5450822,0,0
5450822,-1,C
5450822,-2,3
5450822,-3,0
5450822,-4,C
5450822,-5,0
5450822,-6,1
5407985,0,C
5407985,-1,C
5407985,-2,X
5407985,-3,C
5407985,-4,C
5407985,-5,0
5407985,-6,0
5407985,-7,X
5407985,-8,1
5678239,0,C
5678239,-1,C
5678239,-2,5
5737327,0,0
5737327,-1,C
5737327,-2,C
5737327,-3,0
5737327,-4,0
5737327,-5,0
5737327,-6,X
5737327,-7,3
5737327,-8,0
5737327,-9,0
5737327,-10,2
5737327,-11,C
5737327,-12,0
5737327,-13,X
5737327,-14,C
5737327,-15,0
5737327,-16,0
5737327,-17,0
5737327,-18,C
5737327,-19,0
5737327,-20,C
5737327,-21,C
5735917,0,0
5735917,-1,0
5735917,-2,0
5735917,-3,0
5735917,-4,0
5345838,0,C
5345838,-1,0
5345838,-2,C
5345838,-3,X
5345838,-4,3
5345838,-5,C
5345838,-6,0
5345838,-7,2
5345838,-8,0
5345838,-9,0
5345838,-10,X
5345838,-11,0
5345838,-12,0
5345838,-13,1
5345838,-14,C
5345838,-15,0
5345838,-16,X
5345838,-17,0
5345838,-18,C
5345838,-19,C
5345838,-20,C
5345838,-21,C
5940616,0,0
5940616,-1,0
5940616,-2,X
5940616,-3,0
5940616,-4,C
5940616,-5,C
5940616,-6,X
5940616,-7,C
5940616,-8,0
5940616,-9,0
5940616,-10,C
5463910,0,C
5463910,-1,C
5463910,-2,C
5463910,-3,2
5463910,-4,0
5463910,-5,X
5463910,-6,0
5463910,-7,C
5463910,-8,0
5463910,-9,0
5463910,-10,C
5463910,-11,C
5463910,-12,C
5463910,-13,C
5463910,-14,0
5463910,-15,4
5463910,-16,0
5463910,-17,X
5463910,-18,C
5937173,0,3
5937173,-1,0
5937173,-2,0
5937173,-3,0
5937173,-4,0
5937173,-5,C
5937173,-6,C
5937173,-7,0
5937173,-8,0
5937173,-9,C
5937173,-10,C
5937173,-11,0
5937173,-12,C
5937173,-13,C
5937173,-14,X
5784149,0,C
5784149,-1,0
5784149,-2,5
5784149,-3,0
5784149,-4,0
5784149,-5,C
5784149,-6,0
5784149,-7,0
5784149,-8,X
5784149,-9,X
5016487,0,X
5016487,-1,C
5016487,-2,C
5016487,-3,C
5016487,-4,0
5016487,-5,C
5016487,-6,C
5016487,-7,C
5016487,-8,0
5016487,-9,C
5016487,-10,0
5016487,-11,0
5016487,-12,1
5016487,-13,0
5016487,-14,C
5001172,0,0
5001172,-1,C
5001172,-2,C
5001172,-3,0
5001172,-4,0
5001172,-5,0
5001172,-6,X
5001172,-7,2
5001172,-8,0
5001172,-9,0
5001172,-10,4
5001172,-11,C
5001172,-12,0
5001172,-13,0
5001172,-14,0
5001172,-15,1
5001172,-16,0
5113341,0,0
5113341,-1,X
5118209,0,X
5118209,-1,C
5118209,-2,0
5029782,0,0
5841872,0,X
5841872,-1,C
5841872,-2,C
5841872,-3,C
5841872,-4,0
5841872,-5,C
5841872,-6,0
5150874,0,X
5150874,-1,0
5150874,-2,C
5150874,-3,C
5150874,-4,C
5150874,-5,0
5150874,-6,0
5150874,-7,C
5531515,0,1
5531515,-1,X
5531515,-2,0
5531515,-3,C
5531515,-4,2
5531515,-5,0
5531515,-6,C
5531515,-7,0
5531515,-8,0
5531515,-9,0
5531515,-10,0
5531515,-11,C
5531515,-12,5
5531515,-13,0
5531515,-14,0
5531515,-15,C
5531515,-16,0
5531515,-17,3
5302243,0,0
5302243,-1,X
5302243,-2,0
5302243,-3,X
5302243,-4,C
5302243,-5,0
5302243,-6,0
5302243,-7,C
5302243,-8,0
5302243,-9,0
5302243,-10,C
5302243,-11,C
5302243,-12,C
5302243,-13,0
5302243,-14,C
5302243,-15,X
5849695,0,0
5849695,-1,C
5849695,-2,0
5849695,-3,C
5849695,-4,0
5849695,-5,0
5849695,-6,1
5849695,-7,C
5849695,-8,C
5849695,-9,0
5849695,-10,C
5849695,-11,C
5321776,0,0
5321776,-1,C
5321776,-2,C
5321776,-3,0
5321776,-4,0
5321776,-5,X
5321776,-6,C
5321776,-7,0
5321776,-8,0
5321776,-9,X
5321776,-10,0
5321776,-11,0
5049982,0,0
5049982,-1,C
5049982,-2,0
5049982,-3,X
5049982,-4,0
5758444,0,C
5758444,-1,0
5758444,-2,0
5758444,-3,C
5758444,-4,0
5758444,-5,0
5758444,-6,0
5758444,-7,C
5758444,-8,C
5758444,-9,C
5758444,-10,0
5758444,-11,0
5758444,-12,C
5758444,-13,C
5758444,-14,0
5758444,-15,0
5758444,-16,X
5758444,-17,C
5154449,0,C
5154449,-1,1
5154449,-2,4
5154449,-3,X
5154449,-4,C
5154449,-5,C
5154449,-6,0
5154449,-7,0
5154449,-8,X
5154449,-9,0
5154449,-10,C
5154449,-11,0
5154449,-12,C
5154449,-13,0
5154449,-14,4
5154449,-15,X
5154449,-16,C
5154449,-17,0
5154449,-18,C
5914398,0,0
5914398,-1,0
5914398,-2,0
5914398,-3,C
5189053,0,0
5047977,0,C
5047977,-1,C
5047977,-2,C
5047977,-3,X
5047977,-4,X
5047977,-5,0
5600785,0,0
5600785,-1,0
5600785,-2,0
5600785,-3,0
5600785,-4,5
5600785,-5,C
5600785,-6,C
5600785,-7,0
5600785,-8,0
5600785,-9,0
5600785,-10,X
5600785,-11,C
5600785,-12,C
5600785,-13,C
5600785,-14,X
5600785,-15,0
5600785,-16,3
5600785,-17,0
5600785,-18,0
5600785,-19,C
5600785,-20,5
5067400,0,1
5067400,-1,0
5067400,-2,C
5067400,-3,C
5067400,-4,0
5067400,-5,0
5067400,-6,C
5067400,-7,0
5067400,-8,0
5067400,-9,X
5067400,-10,0
5067400,-11,X
5067400,-12,0
5067400,-13,5
5067400,-14,C
5067400,-15,C
5067400,-16,X
5067400,-17,C
5067400,-18,0
5067400,-19,0
5067400,-20,C
5067400,-21,1
5067400,-22,C
5067400,-23,C
